locus	pangene	graph	MorexV3	GoldenPromise	Hockett	HOR_21599	Du_Li_Huang	HOR_3081	Igri	HOR_13821	HOR_7552	OUN333	HOR_13942	HOR_3365	HOR_9043	Akashinriki	HOR_8148	Planet	HOR_10350	Chiba	B1K-04-12	Barke
HvCO9	HORVU.MOREX.r3.1HG0058180.1	mmap_pro	chr1H:387704723-387707066(+)	chr1H@MorexV3:387704723-387707066(+)	chr1H@GoldenPromise:387093182-387095525(+)	chr1H@Hockett:387178268-387180611(+)	chr1H@HOR_21599:392541031-392543375(+)	chr1H@Du_Li_Huang:389910796-389913142(+)	chr1H@HOR_3081:390500010-390502356(+)	chr1H@Igri:392151902-392154245(+)	chr1H@HOR_13821:396133748-396136094(+)	chr1H@HOR_7552:393829862-393832208(+)	chr1H@OUN333:394703943-394706289(+)	chr1H@HOR_13942:391884866-391887212(+)	chr1H@HOR_3365:393357525-393359871(+)	chr1H@HOR_9043:390411641-390413987(+)	chr1H@Akashinriki:393006779-393009126(+)	chr1H@HOR_8148:395510302-395512645(+)	chr1H@Planet:391458905-391461248(+)	chr1H@HOR_10350:385283525-385285871(+)	chr1H@Chiba:396150528-396152875(+)	chr1H@B1K-04-12:400817832-400820175(+)	chr1H@Barke:390231540-390233883(+)
		mmap_geno	chr1H:387704723-387707066(+)	chr1H@MorexV3:387704723-387707066(+)	chr1H@GoldenPromise:387093182-387095525(+)	chr1H@Hockett:387178268-387180611(+)	chr1H@HOR_21599:392541031-392543375(+)	chr1H@Du_Li_Huang:389910796-389913142(+)	chr1H@HOR_3081:390500010-390502356(+)	chr1H@Igri:392151902-392154245(+)	chr1H@HOR_13821:396133748-396136094(+)	chr1H@HOR_7552:393829862-393832208(+)	chr1H@OUN333:394703943-394706289(+)	chr1H@HOR_13942:391884866-391887212(+)	chr1H@HOR_3365:393357525-393359871(+)	chr1H@HOR_9043:390411641-390413987(+)	chr1H@Akashinriki:393006779-393009126(+)	chr1H@HOR_8148:395510302-395512645(+)	chr1H@Planet:391458905-391461248(+)	chr1H@HOR_10350:385283525-385285871(+)	chr1H@Chiba:396150528-396152875(+)	chr1H@B1K-04-12:400817832-400820175(+)	chr1H@Barke:390231540-390233883(+)
		gmap_pro	chr1H:387704723-387707066(+)	chr1H@MorexV3:387704723-387707066(+)	chr1H@GoldenPromise:387093182-387095525(+)	chr1H@Hockett:387178268-387180611(+)	chr1H@HOR_21599:392541031-392543375(+)	chr1H@Du_Li_Huang:389910796-389913142(+)	chr1H@HOR_3081:390500010-390502356(+)	chr1H@Igri:392151902-392154245(+)	chr1H@HOR_13821:396133748-396136094(+)	chr1H@HOR_7552:393829862-393832208(+)	chr1H@OUN333:394703943-394706289(+)	chr1H@HOR_13942:391884866-391887212(+)	chr1H@HOR_3365:393357525-393359871(+)	chr1H@HOR_9043:390411641-390413987(+)	chr1H@Akashinriki:393006779-393009126(+)	chr1H@HOR_8148:395510302-395512645(+)	chr1H@Planet:391458905-391461248(+)	chr1H@HOR_10350:385283525-385285871(+)	chr1H@Chiba:396150528-396152875(+)	chr1H@B1K-04-12:400817832-400820175(+)	chr1H@Barke:390231540-390233883(+)
		gmap_geno	chr1H:387704723-387707066(+)	chr1H@MorexV3:387704723-387707066(+)	chr1H@GoldenPromise:387093182-387095525(+)	chr1H@Hockett:387178268-387180611(+)	chr1H@HOR_21599:392541031-392543375(+)	chr1H@Du_Li_Huang:389910796-389913142(+)	chr1H@HOR_3081:390500010-390502356(+)	chr1H@Igri:392151902-392154245(+)	chr1H@HOR_13821:396133748-396136094(+)	chr1H@HOR_7552:393829862-393832208(+)	chr1H@OUN333:394703943-394706289(+)	chr1H@HOR_13942:391884866-391887212(+)	chr1H@HOR_3365:393357525-393359871(+)	chr1H@HOR_9043:390411641-390413987(+)	chr1H@Akashinriki:393006779-393009126(+)	chr1H@HOR_8148:395510302-395512645(+)	chr1H@Planet:391458905-391461248(+)	chr1H@HOR_10350:385283525-385285871(+)	chr1H@Chiba:396150528-396152875(+)	chr1H@B1K-04-12:400817832-400820175(+)	chr1H@Barke:390231540-390233883(+)
HvFT3/Ppd-H2	HORVU.MOREX.r3.1HG0077240.1	mmap_pro	chr1H:477767568-477768985(-)	chr1H@MorexV3:477767568-477768985(+)	chr1H@GoldenPromise:475349390-475350809(+)	chr1H@Hockett:475530949-475532368(+)	chr1H@HOR_21599:480476883-480478302(+)	chr1H@Du_Li_Huang:479183369-479184788(+)	chr1H@HOR_3081:479608819-479609006(+)	chr1H@Igri:481628359-481628546(+)	chr1H@HOR_13821:485334338-485335757(+)	chr1H@HOR_7552:483773697-483775113(+)	chr1H@OUN333:483974338-483975755(+)	chr1H@HOR_13942:481473024-481474442(+)		chr1H@HOR_9043:478491161-478492580(+)	chr1H@Akashinriki:481250424-481251843(+)	chr1H@HOR_8148:483883473-483884892(+)	chr1H@Planet:479777940-479779359(+)	chr1H@HOR_10350:474265723-474267142(+)	chr1H@Chiba:485844285-485845704(+)	chr1H@B1K-04-12:490330355-490331772(+)	chr1H@Barke:478607479-478608898(+)
		mmap_geno	chr1H:477767568-477768985(-)	chr1H@MorexV3:477767568-477768985(+)	chr1H@GoldenPromise:475349390-475350809(+)	chr1H@Hockett:475530949-475532368(+)	chr1H@HOR_21599:480476883-480478302(+)	chr1H@Du_Li_Huang:479183369-479184788(+)	chr1H@HOR_3081:479608819-479609006(+)	chr1H@Igri:481628359-481628546(+)	chr1H@HOR_13821:485334338-485335757(+)	chr1H@HOR_7552:483773697-483775113(+)	chr1H@OUN333:483974338-483975755(+)	chr1H@HOR_13942:481473024-481474442(+)		chr1H@HOR_9043:478491161-478492580(+)	chr1H@Akashinriki:481250424-481251843(+)	chr1H@HOR_8148:483883473-483884892(+)	chr1H@Planet:479777940-479779359(+)	chr1H@HOR_10350:474265723-474267142(+)	chr1H@Chiba:485844285-485845704(+)	chr1H@B1K-04-12:490330355-490331772(+)	chr1H@Barke:478607479-478608898(+)
		gmap_pro	chr1H:477767568-477768985(-)	chr1H@MorexV3:477767568-477768985(+)	chr1H@GoldenPromise:475349390-475350809(+)	chr1H@Hockett:475530949-475532368(+)	chr1H@HOR_21599:480476883-480478302(+)	chr1H@Du_Li_Huang:479183369-479184788(+)	chr1H@HOR_3081:479608819-479609006(+)	chr1H@Igri:481628359-481628546(+)	chr1H@HOR_13821:485334338-485335757(+)	chr1H@HOR_7552:483773697-483775113(+)	chr1H@OUN333:483974338-483975755(+)	chr1H@HOR_13942:481473024-481474442(+)		chr1H@HOR_9043:478491161-478492580(+)	chr1H@Akashinriki:481250424-481251843(+)	chr1H@HOR_8148:483883473-483884892(+)	chr1H@Planet:479777940-479779359(+)	chr1H@HOR_10350:474265723-474267142(+)	chr1H@Chiba:485844285-485845704(+)	chr1H@B1K-04-12:490330355-490331772(+)	chr1H@Barke:478607479-478608898(+)
		gmap_geno	chr1H:477767568-477768985(-)	chr1H@MorexV3:477767568-477768985(+)	chr1H@GoldenPromise:475349390-475350809(+)	chr1H@Hockett:475530949-475532368(+)	chr1H@HOR_21599:480476883-480478302(+)	chr1H@Du_Li_Huang:479183369-479184788(+)		chr1H@Igri:481628359-481628546(+)	chr1H@HOR_13821:485334338-485335757(+)	chr1H@HOR_7552:483773697-483775113(+)	chr1H@OUN333:483974338-483975755(+)	chr1H@HOR_13942:481473024-481474442(+)		chr1H@HOR_9043:478491161-478492580(+)	chr1H@Akashinriki:481250424-481251843(+)	chr1H@HOR_8148:483883473-483884892(+)	chr1H@Planet:479777940-479779359(+)	chr1H@HOR_10350:474265723-474267142(+)	chr1H@Chiba:485844285-485845704(+)	chr1H@B1K-04-12:490330355-490331772(+)	chr1H@Barke:478607479-478608898(+)
HvELF3	HORVU.MOREX.r3.1HG0095050.1	mmap_pro	chr1H:515210526-515214942(-)	chr1H@MorexV3:515210526-515214942(-)	chr1H@GoldenPromise:513431743-513436149(-)	chr1H@Hockett:512883503-512887919(-)	chr1H@HOR_21599:519859565-519863981(-)	chr1H@Du_Li_Huang:519880035-519884441(-)	chr1H@HOR_3081:519612142-519616548(-)	chr1H@Igri:520517110-520521516(-)	chr1H@HOR_13821:525221365-525225785(-)	chr1H@HOR_7552:522179656-522184076(-)	chr1H@OUN333:523288587-523293007(-)	chr1H@HOR_13942:519863199-519867615(-)	chr1H@HOR_3365:519447902-519452322(-)	chr1H@HOR_9043:515148188-515152601(-)	chr1H@Akashinriki:519931756-519936259(-)	chr1H@HOR_8148:520190865-520195280(-)	chr1H@Planet:516526061-516530477(-)	chr1H@HOR_10350:511561683-511566107(-)	chr1H@Chiba:523275125-523279531(-)	chr1H@B1K-04-12:527902705-527907208(-)	chr1H@Barke:516424048-516428454(-)
		mmap_geno	chr1H:515210526-515214942(-)	chr1H@MorexV3:515210526-515214942(-)	chr1H@GoldenPromise:513431743-513436149(-)	chr1H@Hockett:512883503-512887919(-)	chr1H@HOR_21599:519859565-519863981(-)	chr1H@Du_Li_Huang:519880035-519884441(-)	chr1H@HOR_3081:519612142-519616548(-)	chr1H@Igri:520517110-520521516(-)	chr1H@HOR_13821:525221365-525225785(-)	chr1H@HOR_7552:522179656-522184076(-)	chr1H@OUN333:523288587-523293007(-)	chr1H@HOR_13942:519863199-519867615(-)	chr1H@HOR_3365:519447902-519452322(-)	chr1H@HOR_9043:515148188-515152601(-)	chr1H@Akashinriki:519931756-519936259(-)	chr1H@HOR_8148:520190865-520195280(-)	chr1H@Planet:516526061-516530477(-)	chr1H@HOR_10350:511561683-511566107(-)	chr1H@Chiba:523275125-523279531(-)	chr1H@B1K-04-12:527902705-527907208(-)	chr1H@Barke:516424048-516428454(-)
		gmap_pro	chr1H:515210526-515214942(-)	chr1H@MorexV3:515210526-515214942(-)	chr1H@GoldenPromise:513431743-513436149(-)	chr1H@Hockett:512883503-512887919(-)	chr1H@HOR_21599:519859565-519863981(-)	chr1H@Du_Li_Huang:519880035-519884441(-)	chr1H@HOR_3081:519612142-519616548(-)	chr1H@Igri:520517110-520521516(-)	chr1H@HOR_13821:525221365-525225785(-)	chr1H@HOR_7552:522179656-522184076(-)	chr1H@OUN333:523288587-523293007(-)	chr1H@HOR_13942:519863199-519867615(-)	chr1H@HOR_3365:519447902-519452322(-)	chr1H@HOR_9043:515148188-515152601(-)	chr1H@Akashinriki:519931756-519936259(-)	chr1H@HOR_8148:520190865-520195280(-)	chr1H@Planet:516526061-516530477(-)	chr1H@HOR_10350:511561683-511566107(-)	chr1H@Chiba:523275125-523279531(-)	chr1H@B1K-04-12:527902705-527907208(-)	chr1H@Barke:516424048-516428454(-)
		gmap_geno	chr1H:515210526-515214942(-)	chr1H@MorexV3:515210526-515214942(-)	chr1H@GoldenPromise:513431743-513436149(-)	chr1H@Hockett:512883503-512887919(-)	chr1H@HOR_21599:519859565-519863981(-)	chr1H@Du_Li_Huang:519880035-519884441(-)	chr1H@HOR_3081:519612142-519616548(-)	chr1H@Igri:520517110-520521516(-)	chr1H@HOR_13821:525221365-525225785(-)	chr1H@HOR_7552:522179656-522184076(-)	chr1H@OUN333:523288587-523293007(-)	chr1H@HOR_13942:519863199-519867615(-)	chr1H@HOR_3365:519447902-519452322(-)	chr1H@HOR_9043:515148188-515152601(-)	chr1H@Akashinriki:519931756-519936259(-)	chr1H@HOR_8148:520190865-520195280(-)	chr1H@Planet:516526061-516530477(-)	chr1H@HOR_10350:511561683-511566107(-)	chr1H@Chiba:523275125-523279531(-)	chr1H@B1K-04-12:527902705-527907208(-)	chr1H@Barke:516424048-516428454(-)
HvPRR37/Ppd-H1	HORVU.MOREX.r3.2HG0107710.1	mmap_pro	chr2H:25876427-25880400(-)	chr2H@MorexV3:25876427-25880400(-)	chr2H@GoldenPromise:26243882-26247855(-)	chr2H@Hockett:25886599-25890572(-)	chr2H@HOR_21599:26001786-26005760(-)	chr2H@Du_Li_Huang:23973583-23977557(-)	chr2H@HOR_3081:27012816-27016798(-)	chr2H@Igri:25919762-25923744(-)	chr2H@HOR_13821:25976784-25980771(-)	chr2H@HOR_7552:25894555-25898529(-)	chr2H@OUN333:25046315-25050297(-)	chr2H@HOR_13942:25928913-25932887(-)	chr2H@HOR_3365:25016068-25020041(-)	chr2H@HOR_9043:30610461-30614448(-)	chr2H@Akashinriki:26670657-26674644(-)	chr2H@HOR_8148:26074862-26078849(-)	chr2H@Planet:24844387-24848360(-)	chr2H@HOR_10350:24514929-24518902(-)	chr2H@Chiba:26067688-26071675(-)	chr2H@B1K-04-12:26378574-26382552(-)	chr2H@Barke:24362572-24366545(-)
		mmap_geno	chr2H:25876427-25880400(-)	chr2H@MorexV3:25876427-25880400(-)	chr2H@GoldenPromise:26243882-26247855(-)	chr2H@Hockett:25886599-25890572(-)	chr2H@HOR_21599:26001786-26005760(-)	chr2H@Du_Li_Huang:23973583-23977557(-)	chr2H@HOR_3081:27012816-27016798(-)	chr2H@Igri:25919762-25923744(-)	chr2H@HOR_13821:25976784-25980771(-)	chr2H@HOR_7552:25894555-25898529(-)	chr2H@OUN333:25046315-25050297(-)	chr2H@HOR_13942:25928913-25932887(-)	chr2H@HOR_3365:25016068-25020041(-)	chr2H@HOR_9043:30610461-30614448(-)	chr2H@Akashinriki:26670657-26674644(-)	chr2H@HOR_8148:26074862-26078849(-)	chr2H@Planet:24844387-24848360(-)	chr2H@HOR_10350:24514929-24518902(-)	chr2H@Chiba:26067688-26071675(-)	chr2H@B1K-04-12:26378574-26382552(-)	chr2H@Barke:24362572-24366545(-)
		gmap_pro	chr2H:25876427-25880400(-)	chr2H@MorexV3:25876427-25880400(-)	chr2H@GoldenPromise:26243882-26247855(-)	chr2H@Hockett:25886599-25890572(-)	chr2H@HOR_21599:26001786-26005760(-)	chr2H@Du_Li_Huang:23973583-23977557(-)	chr2H@HOR_3081:27012816-27016798(-)	chr2H@Igri:25919762-25923744(-)	chr2H@HOR_13821:25976784-25980771(-)	chr2H@HOR_7552:25894555-25898529(-)	chr2H@OUN333:25046315-25050297(-)	chr2H@HOR_13942:25928913-25932887(-)	chr2H@HOR_3365:25016068-25020041(-)	chr2H@HOR_9043:30610461-30614448(-)	chr2H@Akashinriki:26670657-26674644(-)	chr2H@HOR_8148:26074862-26078849(-)	chr2H@Planet:24844387-24848360(-)	chr2H@HOR_10350:24514929-24518902(-)	chr2H@Chiba:26067688-26071675(-)	chr2H@B1K-04-12:26378574-26382552(-)	chr2H@Barke:24362572-24366545(-)
		gmap_geno	chr2H:25876427-25880400(-)	chr2H@MorexV3:25876427-25880400(-)	chr2H@GoldenPromise:26243882-26247855(-)	chr2H@Hockett:25886599-25890572(-)	chr2H@HOR_21599:26001786-26005760(-)	chr2H@Du_Li_Huang:23973583-23977557(-)	chr2H@HOR_3081:27012816-27016798(-)	chr2H@Igri:25919762-25923744(-)	chr2H@HOR_13821:25976784-25980771(-)	chr2H@HOR_7552:25894555-25898529(-)	chr2H@OUN333:25046315-25050297(-)	chr2H@HOR_13942:25928913-25932887(-)	chr2H@HOR_3365:25016068-25020041(-)	chr2H@HOR_9043:30610461-30614448(-)	chr2H@Akashinriki:26670657-26674644(-)	chr2H@HOR_8148:26074862-26078849(-)	chr2H@Planet:24844387-24848360(-)	chr2H@HOR_10350:24514929-24518902(-)	chr2H@Chiba:26067688-26071675(-)	chr2H@B1K-04-12:26378574-26382552(-)	chr2H@Barke:24362572-24366545(-)
HvBM3	HORVU.MOREX.r3.2HG0127410.1	mmap_pro	chr2H:111586811-111611184(+)	chr2H@MorexV3:111586811-111611184(+)	chr2H@GoldenPromise:111815050-111839436(+)	chr2H@Hockett:111842726-111867098(+)	chr2H@HOR_21599:109792705-109813923(+)	chr2H@Du_Li_Huang:109513616-109537987(+)	chr2H@HOR_3081:111746412-111770784(+)	chr2H@Igri:111902940-111927312(+)	chr2H@HOR_13821:110318697-110343069(+)	chr2H@HOR_7552:110530765-110555133(+)	chr2H@OUN333:111403540-111427912(+)	chr2H@HOR_13942:111383756-111408125(+)	chr2H@HOR_3365:109602427-109626813(+)	chr2H@HOR_9043:114867626-114892012(+)	chr2H@Akashinriki:111749391-111773763(+)	chr2H@HOR_8148:111489703-111510921(+)	chr2H@Planet:110888154-110912526(+)	chr2H@HOR_10350:108852905-108874123(+)	chr2H@Chiba:110983788-111008160(+)	chr2H@B1K-04-12:113004509-113025725(+)	chr2H@Barke:110122774-110147146(+)
		mmap_geno	chr2H:111586811-111611184(+)	chr2H@MorexV3:111586811-111611184(+)	chr2H@GoldenPromise:111815050-111839436(+)	chr2H@Hockett:111842726-111867098(+)	chr2H@HOR_21599:109792705-109813923(+)	chr2H@Du_Li_Huang:109513616-109537987(+)	chr2H@HOR_3081:111746412-111770784(+)	chr2H@Igri:111902940-111927312(+)	chr2H@HOR_13821:110318697-110343069(+)	chr2H@HOR_7552:110530765-110555133(+)	chr2H@OUN333:111403540-111427912(+)	chr2H@HOR_13942:111383756-111408125(+)	chr2H@HOR_3365:109602427-109626813(+)	chr2H@HOR_9043:114867626-114892012(+)	chr2H@Akashinriki:111749391-111773763(+)	chr2H@HOR_8148:111489703-111510921(+)	chr2H@Planet:110888154-110912526(+)	chr2H@HOR_10350:108852905-108874123(+)	chr2H@Chiba:110983788-111008160(+)	chr2H@B1K-04-12:113004509-113025725(+)	chr2H@Barke:110122774-110147146(+)
		gmap_pro	chr2H:111586811-111611184(+)	chr2H@MorexV3:111586811-111611184(+)	chr2H@GoldenPromise:111815050-111839436(+)	chr2H@Hockett:111842726-111867098(+)	chr2H@HOR_21599:109792705-109813923(+)	chr2H@Du_Li_Huang:109513616-109537987(+)	chr2H@HOR_3081:111746412-111770784(+)	chr2H@Igri:111902940-111927312(+)	chr2H@HOR_13821:110318697-110343069(+)	chr2H@HOR_7552:110530765-110555133(+)	chr2H@OUN333:111403540-111427912(+)	chr2H@HOR_13942:111383756-111408125(+)	chr2H@HOR_3365:109602427-109626813(+)	chr2H@HOR_9043:114867626-114892012(+)	chr2H@Akashinriki:111749391-111773763(+)	chr2H@HOR_8148:111489703-111510921(+)	chr2H@Planet:110888154-110912526(+)	chr2H@HOR_10350:108852905-108874123(+)	chr2H@Chiba:110983788-111008160(+)	chr2H@B1K-04-12:113004509-113025725(+)	chr2H@Barke:110122774-110147146(+)
		gmap_geno	chr2H:111586811-111611184(+)	chr2H@MorexV3:111586811-111611184(+)	chr2H@GoldenPromise:111815050-111839436(+)	chr2H@Hockett:111842726-111867098(+)	chr2H@HOR_21599:109792705-109813923(+)	chr2H@Du_Li_Huang:109513616-109537987(+)	chr2H@HOR_3081:111746412-111770784(+)	chr2H@Igri:111902940-111927312(+)	chr2H@HOR_13821:110318697-110343069(+)	chr2H@HOR_7552:110530765-110555133(+)	chr2H@OUN333:111403540-111427912(+)	chr2H@HOR_13942:111383756-111408125(+)	chr2H@HOR_3365:109602427-109626813(+)	chr2H@HOR_9043:114867626-114892012(+)	chr2H@Akashinriki:111749391-111773763(+)	chr2H@HOR_8148:111489703-111510921(+)	chr2H@Planet:110888154-110912526(+)	chr2H@HOR_10350:108852905-108874123(+)	chr2H@Chiba:110983788-111008160(+)	chr2H@B1K-04-12:113004509-113025725(+)	chr2H@Barke:110122774-110147146(+)
HvBM8	HORVU.MOREX.r3.2HG0156870.1	mmap_pro	chr2H:381298545-381307819(+)	chr2H@MorexV3:381298545-381307819(+)	chr2H@GoldenPromise:378199893-378209167(+)	chr2H@Hockett:378087132-378096406(+)	chr2H@HOR_21599:376406835-376416109(+)	chr2H@Du_Li_Huang:377714141-377723415(+)	chr2H@HOR_3081:377117733-377127009(+)	chr2H@Igri:378159807-378169083(+)	chr2H@HOR_13821:375310721-375319998(+)	chr2H@HOR_7552:381187761-381197038(+)	chr2H@OUN333:377473806-377483080(+)	chr2H@HOR_13942:376972003-376981277(+)	chr2H@HOR_3365:377141633-377150907(+)	chr2H@HOR_9043:383659152-383668428(+)	chr2H@Akashinriki:377958586-377967860(+)	chr2H@HOR_8148:376647957-376657232(+)	chr2H@Planet:376460814-376470086(+)	chr2H@HOR_10350:375133115-375142416(+)	chr2H@Chiba:377649750-377659024(+)	chr2H@B1K-04-12:382059664-382068939(+)	chr2H@Barke:377653071-377662345(+)
		mmap_geno	chr2H:381298545-381307819(+)	chr2H@MorexV3:381298545-381307819(+)	chr2H@GoldenPromise:378199893-378209167(+)	chr2H@Hockett:378087132-378096406(+)	chr2H@HOR_21599:376406835-376416109(+)	chr2H@Du_Li_Huang:377714141-377723415(+)	chr2H@HOR_3081:377117733-377127009(+)	chr2H@Igri:378159807-378169083(+)	chr2H@HOR_13821:375310721-375319998(+)	chr2H@HOR_7552:381187761-381197038(+)	chr2H@OUN333:377473806-377483080(+)	chr2H@HOR_13942:376972003-376981277(+)	chr2H@HOR_3365:377141633-377150907(+)	chr2H@HOR_9043:383659152-383668428(+)	chr2H@Akashinriki:377958586-377967860(+)	chr2H@HOR_8148:376647957-376657232(+)	chr2H@Planet:376460814-376470086(+)	chr2H@HOR_10350:375133115-375142416(+)	chr2H@Chiba:377649750-377659024(+)	chr2H@B1K-04-12:382059664-382068939(+)	chr2H@Barke:377653071-377662345(+)
		gmap_pro	chr2H:381298545-381307819(+)	chr2H@MorexV3:381298545-381307819(+)	chr2H@GoldenPromise:378199893-378209167(+)	chr2H@Hockett:378087132-378096406(+)	chr2H@HOR_21599:376406835-376416109(+)	chr2H@Du_Li_Huang:377714141-377723415(+)	chr2H@HOR_3081:377117733-377127009(+)	chr2H@Igri:378159807-378169083(+)	chr2H@HOR_13821:375310721-375319998(+)	chr2H@HOR_7552:381187761-381197038(+)	chr2H@OUN333:377473806-377483080(+)	chr2H@HOR_13942:376972003-376981277(+)	chr2H@HOR_3365:377141633-377150907(+)	chr2H@HOR_9043:383659152-383668428(+)	chr2H@Akashinriki:377958586-377967860(+)	chr2H@HOR_8148:376647957-376657232(+)	chr2H@Planet:376460814-376470086(+)	chr2H@HOR_10350:375133115-375142416(+)	chr2H@Chiba:377649750-377659024(+)	chr2H@B1K-04-12:382059664-382068939(+)	chr2H@Barke:377653071-377662345(+)
		gmap_geno	chr2H:381298545-381307819(+)	chr2H@MorexV3:381298545-381307819(+)	chr2H@GoldenPromise:378199893-378209167(+)	chr2H@Hockett:378087132-378096406(+)	chr2H@HOR_21599:376406835-376416109(+)	chr2H@Du_Li_Huang:377714141-377723415(+)	chr2H@HOR_3081:377117733-377127009(+)	chr2H@Igri:378159807-378169083(+)	chr2H@HOR_13821:375310721-375319998(+)	chr2H@HOR_7552:381187761-381197038(+)	chr2H@OUN333:377473806-377483080(+)	chr2H@HOR_13942:376972003-376981277(+)	chr2H@HOR_3365:377141633-377150907(+)	chr2H@HOR_9043:383659152-383668428(+)	chr2H@Akashinriki:377958586-377967860(+)	chr2H@HOR_8148:376647957-376657232(+)	chr2H@Planet:376460814-376470086(+)	chr2H@HOR_10350:375133115-375142416(+)	chr2H@Chiba:377649750-377659024(+)	chr2H@B1K-04-12:382059664-382068939(+)	chr2H@Barke:377653071-377662345(+)
HvCEN	HORVU.MOREX.r3.2HG0166090.1	mmap_pro	chr2H:460537768-460538770(-)	chr2H@MorexV3:460537768-460538770(-)			chr2H@HOR_21599:455519032-455520034(-)	chr2H@Du_Li_Huang:456861209-456862211(-)	chr2H@HOR_3081:456501420-456502422(-)	chr2H@Igri:457540995-457541997(-)		chr2H@HOR_7552:460568781-460569783(-)	chr2H@OUN333:456619664-456620666(-)	chr2H@HOR_13942:456724452-456725454(-)		chr2H@HOR_9043:463158706-463159708(-)	chr2H@Akashinriki:457421247-457422249(-)			chr2H@HOR_10350:453916674-453917676(-)	chr2H@Chiba:457070877-457071879(-)	chr2H@B1K-04-12:461641635-461642637(-)	
		mmap_geno	chr2H:460537768-460538770(-)	chr2H@MorexV3:460537768-460538770(-)	chr2H@GoldenPromise:448058214-448059216(+)	chr2H@Hockett:447949734-447950736(+)	chr2H@HOR_21599:455519032-455520034(-)	chr2H@Du_Li_Huang:456861209-456862211(-)	chr2H@HOR_3081:456501420-456502422(-)	chr2H@Igri:457540995-457541997(-)	chr2H@HOR_13821:445039636-445040638(+)	chr2H@HOR_7552:460568781-460569783(-)	chr2H@OUN333:456619664-456620666(-)	chr2H@HOR_13942:456724452-456725454(-)	chr2H@HOR_3365:446769881-446770883(+)	chr2H@HOR_9043:463158706-463159708(-)	chr2H@Akashinriki:457421247-457422249(-)	chr2H@HOR_8148:446473929-446474931(+)	chr2H@Planet:446323697-446324699(+)	chr2H@HOR_10350:453916674-453917676(-)	chr2H@Chiba:457070877-457071879(-)	chr2H@B1K-04-12:461641635-461642637(-)	chr2H@Barke:447566844-447567846(+)
		gmap_pro	chr2H:460537768-460538770(-)	chr2H@MorexV3:460537768-460538770(-)			chr2H@HOR_21599:455519032-455520034(-)	chr2H@Du_Li_Huang:456861209-456862211(-)	chr2H@HOR_3081:456501420-456502422(-)	chr2H@Igri:457540995-457541997(-)		chr2H@HOR_7552:460568781-460569783(-)	chr2H@OUN333:456619664-456620666(-)	chr2H@HOR_13942:456724452-456725454(-)		chr2H@HOR_9043:463158706-463159708(-)	chr2H@Akashinriki:457421247-457422249(-)			chr2H@HOR_10350:453916674-453917676(-)	chr2H@Chiba:457070877-457071879(-)	chr2H@B1K-04-12:461641635-461642637(-)	
		gmap_geno	chr2H:460537768-460538770(-)	chr2H@MorexV3:460537768-460538770(-)	chr2H@GoldenPromise:448058214-448059216(+)	chr2H@Hockett:447949734-447950736(+)	chr2H@HOR_21599:455519032-455520034(-)	chr2H@Du_Li_Huang:456861209-456862211(-)	chr2H@HOR_3081:456501420-456502422(-)	chr2H@Igri:457540995-457541997(-)	chr2H@HOR_13821:445039636-445040638(+)	chr2H@HOR_7552:460568781-460569783(-)	chr2H@OUN333:456619664-456620666(-)	chr2H@HOR_13942:456724452-456725454(-)	chr2H@HOR_3365:446769881-446770883(+)	chr2H@HOR_9043:463158706-463159708(-)	chr2H@Akashinriki:457421247-457422249(-)	chr2H@HOR_8148:446473929-446474931(+)	chr2H@Planet:446323697-446324699(+)	chr2H@HOR_10350:453916674-453917676(-)	chr2H@Chiba:457070877-457071879(-)	chr2H@B1K-04-12:461641635-461642637(-)	chr2H@Barke:447566844-447567846(+)
Vrs1	HORVU.MOREX.r3.2HG0184740.1	mmap_pro	chr2H:570802392-570803252(-)	chr2H@MorexV3:570802392-570803252(-)	chr2H@GoldenPromise:564075793-564076654(-)	chr2H@Hockett:564055368-564056229(-)	chr2H@HOR_21599:562078246-562079107(-)	chr2H@Du_Li_Huang:565999462-566000322(-)	chr2H@HOR_3081:564599293-564600155(-)	chr2H@Igri:564558179-564559040(-)	chr2H@HOR_13821:565715148-565716009(+)	chr2H@HOR_7552:570994570-570995430(-)	chr2H@OUN333:564039529-564040390(-)	chr2H@HOR_13942:564589979-564590839(-)	chr2H@HOR_3365:566918613-566919473(-)	chr2H@HOR_9043:572010836-572011696(-)	chr2H@Akashinriki:568052092-568052952(-)	chr2H@HOR_8148:562784198-562785059(-)	chr2H@Planet:562708171-562709032(-)	chr2H@HOR_10350:562154559-562155419(-)	chr2H@Chiba:568687776-568688636(-)	chr2H@B1K-04-12:571350677-571351538(-)	chr2H@Barke:564271374-564272235(-)
		mmap_geno	chr2H:570802392-570803252(-)	chr2H@MorexV3:570802392-570803252(-)	chr2H@GoldenPromise:564075793-564076654(-)	chr2H@Hockett:564055368-564056229(-)	chr2H@HOR_21599:562078246-562079107(-)	chr2H@Du_Li_Huang:565999462-566000322(-)	chr2H@HOR_3081:564599293-564600155(-)	chr2H@Igri:564558179-564559040(-)	chr2H@HOR_13821:565715148-565716009(+)	chr2H@HOR_7552:570994570-570995430(-)		chr2H@HOR_13942:564589979-564590839(-)	chr2H@HOR_3365:566918613-566919473(-)	chr2H@HOR_9043:572010836-572011696(-)	chr2H@Akashinriki:568052092-568052952(-)	chr2H@HOR_8148:562784198-562785059(-)	chr2H@Planet:562708171-562709032(-)	chr2H@HOR_10350:562154559-562155419(-)	chr2H@Chiba:568687776-568688636(-)	chr2H@B1K-04-12:571350677-571351538(-)	chr2H@Barke:564271374-564272235(-)
		gmap_pro	chr2H:570802392-570803252(-)	chr2H@MorexV3:570802392-570803252(-)	chr2H@GoldenPromise:564075793-564076654(-)	chr2H@Hockett:564055368-564056229(-)	chr2H@HOR_21599:562078246-562079107(-)	chr2H@Du_Li_Huang:565999462-566000322(-)	chr2H@HOR_3081:564599293-564600155(-)	chr2H@Igri:564558179-564559040(-)	chr2H@HOR_13821:565715148-565716009(+)	chr2H@HOR_7552:570994570-570995430(-)	chr2H@OUN333:564039529-564040390(-)	chr2H@HOR_13942:564589979-564590839(-)	chr2H@HOR_3365:566918613-566919473(-)	chr2H@HOR_9043:572010836-572011696(-)	chr2H@Akashinriki:568052092-568052952(-)	chr2H@HOR_8148:562784198-562785059(-)	chr2H@Planet:562708171-562709032(-)	chr2H@HOR_10350:562154559-562155419(-)	chr2H@Chiba:568687776-568688636(-)	chr2H@B1K-04-12:571350677-571351538(-)	chr2H@Barke:564271374-564272235(-)
		gmap_geno	chr2H:570802392-570803252(-)	chr2H@MorexV3:570802392-570803252(-)	chr2H@GoldenPromise:564075793-564076654(-)	chr2H@Hockett:564055368-564056229(-)	chr2H@HOR_21599:562078246-562079107(-)	chr2H@Du_Li_Huang:565999462-566000322(-)	chr2H@HOR_3081:564599293-564600155(-)	chr2H@Igri:564558179-564559040(-)	chr2H@HOR_13821:565715148-565716009(+)	chr2H@HOR_7552:570994570-570995430(-)		chr2H@HOR_13942:564589979-564590839(-)	chr2H@HOR_3365:566918613-566919473(-)	chr2H@HOR_9043:572010836-572011696(-)	chr2H@Akashinriki:568052092-568052952(-)	chr2H@HOR_8148:562784198-562785059(-)	chr2H@Planet:562708171-562709032(-)	chr2H@HOR_10350:562154559-562155419(-)	chr2H@Chiba:568687776-568688636(-)	chr2H@B1K-04-12:571350677-571351538(-)	chr2H@Barke:564271374-564272235(-)
HvGI	HORVU.MOREX.r3.3HG0238250.1	mmap_pro	chr3H:56444294-56454054(+)	chr3H@MorexV3:56444294-56454054(+)	chr3H@GoldenPromise:58765655-58775411(+)	chr3H@Hockett:59204500-59214257(+)	chr3H@HOR_21599:59792774-59802532(+)	chr3H@Du_Li_Huang:59757926-59767687(+)	chr3H@HOR_3081:58949343-58959102(+)	chr3H@Igri:58530769-58540525(+)	chr3H@HOR_13821:58946355-58956121(+)	chr3H@HOR_7552:58043859-58053621(+)	chr3H@OUN333:58905579-58915334(+)	chr3H@HOR_13942:57453856-57463620(+)	chr3H@HOR_3365:58698463-58708218(+)	chr3H@HOR_9043:58629240-58638995(+)	chr3H@Akashinriki:59621592-59631352(+)	chr3H@HOR_8148:58750380-58760138(+)	chr3H@Planet:61478199-61487966(+)	chr3H@HOR_10350:54944235-54953991(+)	chr3H@Chiba:60950985-60960746(+)	chr3H@B1K-04-12:58397546-58407345(+)	chr3H@Barke:59368843-59378599(+)
		mmap_geno	chr3H:56444294-56454054(+)	chr3H@MorexV3:56444294-56454054(+)	chr3H@GoldenPromise:58765655-58775411(+)	chr3H@Hockett:59204500-59214257(+)	chr3H@HOR_21599:59792774-59802532(+)	chr3H@Du_Li_Huang:59757926-59767687(+)	chr3H@HOR_3081:58949343-58959102(+)	chr3H@Igri:58530769-58540525(+)	chr3H@HOR_13821:58946355-58956121(+)	chr3H@HOR_7552:58043859-58053621(+)	chr3H@OUN333:58905579-58915334(+)	chr3H@HOR_13942:57453856-57463620(+)	chr3H@HOR_3365:58698463-58708218(+)	chr3H@HOR_9043:58629240-58638995(+)	chr3H@Akashinriki:59621592-59631352(+)	chr3H@HOR_8148:58750380-58760138(+)	chr3H@Planet:61478199-61487966(+)	chr3H@HOR_10350:54944235-54953991(+)	chr3H@Chiba:60950985-60960746(+)	chr3H@B1K-04-12:58397546-58407345(+)	
		gmap_pro	chr3H:56444294-56454054(+)	chr3H@MorexV3:56444294-56454054(+)	chr3H@GoldenPromise:58765655-58775411(+)	chr3H@Hockett:59204500-59214257(+)	chr3H@HOR_21599:59792774-59802532(+)	chr3H@Du_Li_Huang:59757926-59767687(+)	chr3H@HOR_3081:58949343-58959102(+)	chr3H@Igri:58530769-58540525(+)	chr3H@HOR_13821:58946355-58956121(+)	chr3H@HOR_7552:58043859-58053621(+)	chr3H@OUN333:58905579-58915334(+)	chr3H@HOR_13942:57453856-57463620(+)	chr3H@HOR_3365:58698463-58708218(+)	chr3H@HOR_9043:58629240-58638995(+)	chr3H@Akashinriki:59621592-59631352(+)	chr3H@HOR_8148:58750380-58760138(+)	chr3H@Planet:61478199-61487966(+)	chr3H@HOR_10350:54944235-54953991(+)	chr3H@Chiba:60950985-60960746(+)	chr3H@B1K-04-12:58397546-58407345(+)	chr3H@Barke:59368843-59378599(+)
		gmap_geno	chr3H:56444294-56454054(+)	chr3H@MorexV3:56444294-56454054(+)	chr3H@GoldenPromise:58765655-58775411(+)	chr3H@Hockett:59204500-59214257(+)	chr3H@HOR_21599:59792774-59802532(+)	chr3H@Du_Li_Huang:59757926-59767687(+)	chr3H@HOR_3081:58949343-58959102(+)	chr3H@Igri:58530769-58540525(+)	chr3H@HOR_13821:58946355-58956121(+)	chr3H@HOR_7552:58043859-58053621(+)	chr3H@OUN333:58905579-58915334(+)	chr3H@HOR_13942:57453856-57463620(+)	chr3H@HOR_3365:58698463-58708218(+)	chr3H@HOR_9043:58629240-58638995(+)	chr3H@Akashinriki:59621592-59631352(+)	chr3H@HOR_8148:58750380-58760138(+)	chr3H@Planet:61478199-61487966(+)	chr3H@HOR_10350:54944235-54953991(+)	chr3H@Chiba:60950985-60960746(+)	chr3H@B1K-04-12:58397546-58407345(+)	chr3H@Barke:59368843-59378599(+)
HvFT2	HORVU.MOREX.r3.3HG0244930.1	mmap_pro	chr3H:101659993-101663495(-)	chr3H@MorexV3:101659993-101663495(-)	chr3H@GoldenPromise:103789946-103793450(-)	chr3H@Hockett:104222270-104225774(-)	chr3H@HOR_21599:105309425-105312916(-)		chr3H@HOR_3081:104297171-104300656(-)	chr3H@Igri:103557006-103560510(-)	chr3H@HOR_13821:103933999-103937499(-)	chr3H@HOR_7552:103352085-103355363(-)	chr3H@OUN333:104060132-104063634(-)	chr3H@HOR_13942:102758192-102761677(-)	chr3H@HOR_3365:103740008-103743508(-)	chr3H@HOR_9043:103998810-104002314(-)	chr3H@Akashinriki:105099364-105102852(-)	chr3H@HOR_8148:104326679-104330179(-)	chr3H@Planet:106868367-106871871(-)	chr3H@HOR_10350:100380360-100383864(-)	chr3H@Chiba:106427363-106430850(-)	chr3H@B1K-04-12:103606204-103609693(-)	chr3H@Barke:104396389-104399893(-)
		mmap_geno	chr3H:101659993-101663495(-)	chr3H@MorexV3:101659993-101663495(-)	chr3H@GoldenPromise:103789946-103793450(-)	chr3H@Hockett:104222270-104225774(-)	chr3H@HOR_21599:105309425-105312916(-)		chr3H@HOR_3081:104297171-104300656(-)	chr3H@Igri:103557006-103560510(-)	chr3H@HOR_13821:103933999-103937499(-)	chr3H@HOR_7552:103352085-103355363(-)	chr3H@OUN333:104060132-104063634(-)	chr3H@HOR_13942:102758192-102761677(-)	chr3H@HOR_3365:103740008-103743508(-)	chr3H@HOR_9043:103998810-104002314(-)	chr3H@Akashinriki:105099364-105102852(-)	chr3H@HOR_8148:104326679-104330179(-)	chr3H@Planet:106868367-106871871(-)	chr3H@HOR_10350:100380360-100383864(-)	chr3H@Chiba:106427363-106430850(-)	chr3H@B1K-04-12:103606204-103609693(-)	chr3H@Barke:104396389-104399893(-)
		gmap_pro	chr3H:101659993-101663495(-)	chr3H@MorexV3:101659993-101663495(-)	chr3H@GoldenPromise:103789946-103793450(-)	chr3H@Hockett:104222270-104225774(-)	chr3H@HOR_21599:105309425-105312916(-)		chr3H@HOR_3081:104297171-104300656(-)	chr3H@Igri:103557006-103560510(-)	chr3H@HOR_13821:103933999-103937499(-)	chr3H@HOR_7552:103352085-103355363(-)	chr3H@OUN333:104060132-104063634(-)	chr3H@HOR_13942:102758192-102761677(-)	chr3H@HOR_3365:103740008-103743508(-)	chr3H@HOR_9043:103998810-104002314(-)	chr3H@Akashinriki:105099364-105102852(-)	chr3H@HOR_8148:104326679-104330179(-)	chr3H@Planet:106868367-106871871(-)	chr3H@HOR_10350:100380360-100383864(-)	chr3H@Chiba:106427363-106430850(-)	chr3H@B1K-04-12:103606204-103609693(-)	chr3H@Barke:104396389-104399893(-)
		gmap_geno	chr3H:101659993-101663495(-)	chr3H@MorexV3:101659993-101663495(-)	chr3H@GoldenPromise:103789946-103793450(-)	chr3H@Hockett:104222270-104225774(-)	chr3H@HOR_21599:105309425-105312916(-)		chr3H@HOR_3081:104297171-104300656(-)	chr3H@Igri:103557006-103560510(-)	chr3H@HOR_13821:103933999-103937499(-)	chr3H@HOR_7552:103352085-103355363(-)	chr3H@OUN333:104060132-104063634(-)	chr3H@HOR_13942:102758192-102761677(-)	chr3H@HOR_3365:103740008-103743508(-)	chr3H@HOR_9043:103998810-104002314(-)	chr3H@Akashinriki:105099364-105102852(-)	chr3H@HOR_8148:104326679-104330179(-)	chr3H@Planet:106868367-106871871(-)	chr3H@HOR_10350:100380360-100383864(-)	chr3H@Chiba:106427363-106430850(-)	chr3H@B1K-04-12:103606204-103609693(-)	chr3H@Barke:104396389-104399893(-)
HvOS2	HORVU.MOREX.r3.3HG0311160.1	mmap_pro	chr3H:576849880-576879501(-)	chr3H@MorexV3:576849880-576879501(-)	chr3H@GoldenPromise:576446661-576476279(-)	chr3H@Hockett:574765289-574794910(-)	chr3H@HOR_21599:586034473-586064098(-)	chr3H@Du_Li_Huang:588823746-588853316(-)	chr3H@HOR_3081:584531596-584561216(-)	chr3H@Igri:577169787-577199409(-)	chr3H@HOR_13821:578204356-578233978(-)	chr3H@HOR_7552:590236181-590266440(-)	chr3H@OUN333:581417029-581446645(-)	chr3H@HOR_13942:582273646-582303248(-)	chr3H@HOR_3365:579049712-579079331(-)	chr3H@HOR_9043:583750365-583780015(-)	chr3H@Akashinriki:589208938-589239187(-)	chr3H@HOR_8148:578465802-578495421(-)	chr3H@Planet:581022917-581052533(-)	chr3H@HOR_10350:573440033-573469774(-)	chr3H@Chiba:589483839-589513407(-)	chr3H@B1K-04-12:589534337-589562794(-)	chr3H@Barke:580071621-580101237(-)
		mmap_geno	chr3H:576849880-576879501(-)	chr3H@MorexV3:576849880-576879501(-)	chr3H@GoldenPromise:576446661-576476279(-)	chr3H@Hockett:574765289-574794910(-)	chr3H@HOR_21599:586034473-586064098(-)	chr3H@Du_Li_Huang:588823746-588853316(-)	chr3H@HOR_3081:584531596-584561216(-)	chr3H@Igri:577169787-577199409(-)	chr3H@HOR_13821:578204356-578233978(-)	chr3H@HOR_7552:590236181-590266440(-)	chr3H@OUN333:581417029-581446645(-)	chr3H@HOR_13942:582273646-582303248(-)	chr3H@HOR_3365:579049712-579079331(-)	chr3H@HOR_9043:583750365-583780015(-)	chr3H@Akashinriki:589208938-589239187(-)	chr3H@HOR_8148:578465802-578495421(-)	chr3H@Planet:581022917-581052533(-)	chr3H@HOR_10350:573440033-573469774(-)	chr3H@Chiba:589483839-589513407(-)	chr3H@B1K-04-12:589534337-589562794(-)	chr3H@Barke:580071621-580101237(-)
		gmap_pro	chr3H:576849880-576879501(-)	chr3H@MorexV3:576849880-576879501(-)	chr3H@GoldenPromise:576446661-576476279(-)	chr3H@Hockett:574765289-574794910(-)	chr3H@HOR_21599:586034473-586064098(-)	chr3H@Du_Li_Huang:588823746-588853316(-)	chr3H@HOR_3081:584531596-584561216(-)	chr3H@Igri:577169787-577199409(-)	chr3H@HOR_13821:578204356-578233978(-)	chr3H@HOR_7552:590236181-590266440(-)	chr3H@OUN333:581417029-581446645(-)	chr3H@HOR_13942:582273646-582303248(-)	chr3H@HOR_3365:579049712-579079331(-)	chr3H@HOR_9043:583750365-583780015(-)	chr3H@Akashinriki:589208938-589239187(-)	chr3H@HOR_8148:578465802-578495421(-)	chr3H@Planet:581022917-581052533(-)	chr3H@HOR_10350:573440033-573469774(-)	chr3H@Chiba:589483839-589513407(-)	chr3H@B1K-04-12:589534337-589562794(-)	chr3H@Barke:580071621-580101237(-)
		gmap_geno	chr3H:576849880-576879501(-)	chr3H@MorexV3:576849880-576879501(-)	chr3H@GoldenPromise:576446661-576476279(-)	chr3H@Hockett:574765289-574794910(-)	chr3H@HOR_21599:586034473-586064098(-)	chr3H@Du_Li_Huang:588823746-588853316(-)	chr3H@HOR_3081:584531596-584561216(-)	chr3H@Igri:577169787-577199409(-)	chr3H@HOR_13821:578204356-578233978(-)	chr3H@HOR_7552:590236181-590266440(-)	chr3H@OUN333:581417029-581446645(-)	chr3H@HOR_13942:582273646-582303248(-)	chr3H@HOR_3365:579049712-579079331(-)	chr3H@HOR_9043:583750365-583780015(-)	chr3H@Akashinriki:589208938-589239187(-)	chr3H@HOR_8148:578465802-578495421(-)	chr3H@Planet:581022917-581052533(-)	chr3H@HOR_10350:573440033-573469774(-)	chr3H@Chiba:589483839-589513407(-)	chr3H@B1K-04-12:589534337-589562794(-)	chr3H@Barke:580071621-580101237(-)
HvLUX	HORVU.MOREX.r3.3HG0328340.1	mmap_pro	chr3H:614589978-614591440(+)	chr3H@MorexV3:614589978-614591440(+)	chr3H@GoldenPromise:614442217-614443679(+)		chr3H@HOR_21599:623788482-623789944(+)	chr3H@Du_Li_Huang:627400389-627401858(+)	chr3H@HOR_3081:620755168-620756630(+)	chr3H@Igri:614795272-614796734(+)	chr3H@HOR_13821:615726457-615727919(+)	chr3H@HOR_7552:628372523-628373985(+)	chr3H@OUN333:619265119-619266581(+)	chr3H@HOR_13942:626721557-626723019(-)	chr3H@HOR_3365:615458154-615459616(+)	chr3H@HOR_9043:621783983-621785445(+)	chr3H@Akashinriki:627314455-627315921(+)	chr3H@HOR_8148:616680196-616681658(-)	chr3H@Planet:619231647-619233109(+)	chr3H@HOR_10350:609305031-609306493(+)	chr3H@Chiba:632158586-632160055(-)	chr3H@B1K-04-12:625319268-625320728(+)	chr3H@Barke:617015228-617016690(+)
		mmap_geno	chr3H:614589978-614591440(+)	chr3H@MorexV3:614589978-614591440(+)	chr3H@GoldenPromise:614442217-614443679(+)	chr3H@Hockett:611905896-611907358(-)	chr3H@HOR_21599:623788482-623789944(+)	chr3H@Du_Li_Huang:627400389-627401858(+)	chr3H@HOR_3081:620755168-620756630(+)	chr3H@Igri:614795272-614796734(+)	chr3H@HOR_13821:615726457-615727919(+)	chr3H@HOR_7552:628372523-628373985(+)	chr3H@OUN333:619265119-619266581(+)	chr3H@HOR_13942:626721557-626723019(-)	chr3H@HOR_3365:615458154-615459616(+)	chr3H@HOR_9043:621783983-621785445(+)	chr3H@Akashinriki:627314455-627315921(+)	chr3H@HOR_8148:616680196-616681658(-)	chr3H@Planet:619231647-619233109(+)	chr3H@HOR_10350:609305031-609306493(+)	chr3H@Chiba:632158586-632160055(-)	chr3H@B1K-04-12:625319268-625320728(+)	chr3H@Barke:617015228-617016690(+)
		gmap_pro	chr3H:614589978-614591440(+)	chr3H@MorexV3:614589978-614591440(+)	chr3H@GoldenPromise:614442217-614443679(+)		chr3H@HOR_21599:623788482-623789944(+)	chr3H@Du_Li_Huang:627400389-627401858(+)	chr3H@HOR_3081:620755168-620756630(+)	chr3H@Igri:614795272-614796734(+)	chr3H@HOR_13821:615726457-615727919(+)	chr3H@HOR_7552:628372523-628373985(+)	chr3H@OUN333:619265119-619266581(+)	chr3H@HOR_13942:626721557-626723019(-)	chr3H@HOR_3365:615458154-615459616(+)	chr3H@HOR_9043:621783983-621785445(+)	chr3H@Akashinriki:627314455-627315921(+)		chr3H@Planet:619231647-619233109(+)	chr3H@HOR_10350:609305031-609306493(+)	chr3H@Chiba:632158586-632160055(-)	chr3H@B1K-04-12:625319268-625320728(+)	chr3H@Barke:617015228-617016690(+)
		gmap_geno	chr3H:614589978-614591440(+)	chr3H@MorexV3:614589978-614591440(+)	chr3H@GoldenPromise:614442217-614443679(+)	chr3H@Hockett:611905896-611907358(-)	chr3H@HOR_21599:623788482-623789944(+)	chr3H@Du_Li_Huang:627400389-627401858(+)	chr3H@HOR_3081:620755168-620756630(+)	chr3H@Igri:614795272-614796734(+)	chr3H@HOR_13821:615726457-615727919(+)	chr3H@HOR_7552:628372523-628373985(+)	chr3H@OUN333:619265119-619266581(+)	chr3H@HOR_13942:626721557-626723019(-)	chr3H@HOR_3365:615458154-615459616(+)	chr3H@HOR_9043:621783983-621785445(+)	chr3H@Akashinriki:627314455-627315921(+)	chr3H@HOR_8148:616680196-616681658(-)	chr3H@Planet:619231647-619233109(+)	chr3H@HOR_10350:609305031-609306493(+)	chr3H@Chiba:632158586-632160055(-)	chr3H@B1K-04-12:625319268-625320728(+)	chr3H@Barke:617015228-617016690(+)
HvGRP7a	HORVU.MOREX.r3.4HG0333810.1	mmap_pro	chr4H:6441942-6442945(+)	chr4H@MorexV3:6441942-6442945(+)	chr4H@GoldenPromise:7476877-7477852(+)	chr4H@Hockett:7735267-7736270(+)	chr4H@HOR_21599:7147696-7148686(+)	chr4H@Du_Li_Huang:7782951-7783926(+)	chr4H@HOR_3081:6969452-6970429(+)	chr4H@Igri:7730380-7731383(+)	chr4H@HOR_13821:7150295-7151290(+)	chr4H@HOR_7552:7110836-7111811(+)	chr4H@OUN333:7524670-7525645(+)	chr4H@HOR_13942:7262740-7263719(+)	chr4H@HOR_3365:7250757-7251752(+)	chr4H@HOR_9043:8217005-8218008(+)	chr4H@Akashinriki:7216311-7217286(+)	chr4H@HOR_8148:7241593-7242588(+)	chr4H@Planet:7138970-7139973(+)	chr4H@HOR_10350:7456183-7457176(+)	chr4H@Chiba:7854021-7854996(+)	chr4H@B1K-04-12:6094968-6095965(+)	chr4H@Barke:6268958-6269961(+)
		mmap_geno	chr4H:6441942-6442945(+)	chr4H@MorexV3:6441942-6442945(+)	chr4H@GoldenPromise:7476877-7477852(+)	chr4H@Hockett:7735267-7736270(+)	chr4H@HOR_21599:7147696-7148686(+)	chr4H@Du_Li_Huang:7782951-7783926(+)	chr4H@HOR_3081:6969452-6970429(+)	chr4H@Igri:7730380-7731383(+)	chr4H@HOR_13821:7150295-7151290(+)	chr4H@HOR_7552:7110836-7111811(+)	chr4H@OUN333:7524670-7525645(+)	chr4H@HOR_13942:7262740-7263719(+)	chr4H@HOR_3365:7250757-7251752(+)	chr4H@HOR_9043:8217005-8218008(+)	chr4H@Akashinriki:7216311-7217286(+)	chr4H@HOR_8148:7241593-7242588(+)	chr4H@Planet:7138970-7139973(+)	chr4H@HOR_10350:7456183-7457176(+)	chr4H@Chiba:7854021-7854996(+)	chr4H@B1K-04-12:6094968-6095965(+)	
		gmap_pro	chr4H:6441942-6442945(+)	chr4H@MorexV3:6441942-6442945(+)	chr4H@GoldenPromise:7476877-7477852(+)	chr4H@Hockett:7735267-7736270(+)	chr4H@HOR_21599:7147696-7148686(+)	chr4H@Du_Li_Huang:7782951-7783926(+)	chr4H@HOR_3081:6969452-6970429(+)	chr4H@Igri:7730380-7731383(+)	chr4H@HOR_13821:7150295-7151290(+)	chr4H@HOR_7552:7110836-7111811(+)	chr4H@OUN333:7524670-7525645(+)	chr4H@HOR_13942:7262740-7263719(+)	chr4H@HOR_3365:7250757-7251752(+)	chr4H@HOR_9043:8217005-8218008(+)	chr4H@Akashinriki:7216311-7217286(+)	chr4H@HOR_8148:7241593-7242588(+)	chr4H@Planet:7138970-7139973(+)	chr4H@HOR_10350:7456183-7457176(+)	chr4H@Chiba:7854021-7854996(+)	chr4H@B1K-04-12:6094968-6095965(+)	chr4H@Barke:6268958-6269961(+)
		gmap_geno	chr4H:6441942-6442945(+)	chr4H@MorexV3:6441942-6442945(+)	chr4H@GoldenPromise:7476877-7477852(+)	chr4H@Hockett:7735267-7736270(+)	chr4H@HOR_21599:7147696-7148686(+)	chr4H@Du_Li_Huang:7782951-7783926(+)	chr4H@HOR_3081:6969452-6970429(+)	chr4H@Igri:7730380-7731383(+)	chr4H@HOR_13821:7150295-7151290(+)	chr4H@HOR_7552:7110836-7111811(+)	chr4H@OUN333:7524670-7525645(+)	chr4H@HOR_13942:7262740-7263719(+)	chr4H@HOR_3365:7250757-7251752(+)	chr4H@HOR_9043:8217005-8218008(+)	chr4H@Akashinriki:7216311-7217286(+)	chr4H@HOR_8148:7241593-7242588(+)	chr4H@Planet:7138970-7139973(+)	chr4H@HOR_10350:7456183-7457176(+)	chr4H@Chiba:7854021-7854996(+)	chr4H@B1K-04-12:6094968-6095965(+)	chr4H@Barke:6268958-6269961(+)
PRR59	HORVU.MOREX.r3.4HG0350680.1	mmap_pro	chr4H:100590473-100591318(-)	chr4H@MorexV3:100590473-100591318(-)	chr4H@GoldenPromise:101178977-101179822(-)	chr4H@Hockett:101682909-101683754(-)	chr4H@HOR_21599:102346221-102347066(-)	chr4H@Du_Li_Huang:103494540-103495385(-)	chr4H@HOR_3081:102835449-102836294(-)	chr4H@Igri:102997342-102998187(-)	chr4H@HOR_13821:102216655-102217500(-)	chr4H@HOR_7552:102970093-102970938(-)	chr4H@OUN333:102141942-102142787(-)	chr4H@HOR_13942:102397150-102397995(-)	chr4H@HOR_3365:103320067-103320912(-)	chr4H@HOR_9043:102912905-102913750(-)	chr4H@Akashinriki:102353184-102354029(-)	chr4H@HOR_8148:101408177-101409022(-)	chr4H@Planet:101562509-101563354(-)	chr4H@HOR_10350:101856113-101856958(-)	chr4H@Chiba:103501760-103502605(-)	chr4H@B1K-04-12:103926098-103926943(-)	chr4H@Barke:98419855-98420700(-)
		mmap_geno	chr4H:100590473-100591318(-)	chr4H@MorexV3:100590473-100591318(-)	chr4H@GoldenPromise:101178977-101179822(-)	chr4H@Hockett:101682909-101683754(-)	chr4H@HOR_21599:102346221-102347066(-)	chr4H@Du_Li_Huang:103494540-103495385(-)	chr4H@HOR_3081:102835449-102836294(-)	chr4H@Igri:102997342-102998187(-)	chr4H@HOR_13821:102216655-102217500(-)	chr4H@HOR_7552:102970093-102970938(-)	chr4H@OUN333:102141942-102142787(-)	chr4H@HOR_13942:102397150-102397995(-)	chr4H@HOR_3365:103320067-103320912(-)	chr4H@HOR_9043:102912905-102913750(-)	chr4H@Akashinriki:102353184-102354029(-)	chr4H@HOR_8148:101408177-101409022(-)	chr4H@Planet:101562509-101563354(-)	chr4H@HOR_10350:101856113-101856958(-)	chr4H@Chiba:103501760-103502605(-)	chr4H@B1K-04-12:103926098-103926943(-)	
		gmap_pro	chr4H:100590473-100591318(-)	chr4H@MorexV3:100590473-100591318(-)	chr4H@GoldenPromise:101178977-101179822(-)	chr4H@Hockett:101682909-101683754(-)	chr4H@HOR_21599:102346221-102347066(-)	chr4H@Du_Li_Huang:103494540-103495385(-)	chr4H@HOR_3081:102835449-102836294(-)	chr4H@Igri:102997342-102998187(-)	chr4H@HOR_13821:102216655-102217500(-)	chr4H@HOR_7552:102970093-102970938(-)	chr4H@OUN333:102141942-102142787(-)	chr4H@HOR_13942:102397150-102397995(-)	chr4H@HOR_3365:103320067-103320912(-)	chr4H@HOR_9043:102912905-102913750(-)	chr4H@Akashinriki:102353184-102354029(-)	chr4H@HOR_8148:101408177-101409022(-)	chr4H@Planet:101562509-101563354(-)	chr4H@HOR_10350:101856113-101856958(-)	chr4H@Chiba:103501760-103502605(-)	chr4H@B1K-04-12:103926098-103926943(-)	chr4H@Barke:98419855-98420700(-)
		gmap_geno	chr4H:100590473-100591318(-)	chr4H@MorexV3:100590473-100591318(-)	chr4H@GoldenPromise:101178977-101179822(-)	chr4H@Hockett:101682909-101683754(-)	chr4H@HOR_21599:102346221-102347066(-)	chr4H@Du_Li_Huang:103494540-103495385(-)	chr4H@HOR_3081:102835449-102836294(-)	chr4H@Igri:102997342-102998187(-)	chr4H@HOR_13821:102216655-102217500(-)	chr4H@HOR_7552:102970093-102970938(-)	chr4H@OUN333:102141942-102142787(-)	chr4H@HOR_13942:102397150-102397995(-)	chr4H@HOR_3365:103320067-103320912(-)	chr4H@HOR_9043:102912905-102913750(-)	chr4H@Akashinriki:102353184-102354029(-)	chr4H@HOR_8148:101408177-101409022(-)	chr4H@Planet:101562509-101563354(-)	chr4H@HOR_10350:101856113-101856958(-)	chr4H@Chiba:103501760-103502605(-)	chr4H@B1K-04-12:103926098-103926943(-)	chr4H@Barke:98419855-98420700(-)
HvFKF1	HORVU.MOREX.r3.4HG0369880.1	mmap_pro	chr4H:295518699-295523860(+)	chr4H@MorexV3:295518699-295523860(+)	chr4H@GoldenPromise:293619761-293624924(+)	chr4H@Hockett:294782748-294787911(+)	chr4H@HOR_21599:295486160-295491320(+)	chr4H@Du_Li_Huang:297338850-297343989(+)	chr4H@HOR_3081:295173751-295178912(+)	chr4H@Igri:294642776-294647937(+)	chr4H@HOR_13821:294828105-294833265(+)	chr4H@HOR_7552:297297968-297303109(+)	chr4H@OUN333:296129935-296135076(+)	chr4H@HOR_13942:295463765-295468926(+)	chr4H@HOR_3365:296642267-296647405(+)	chr4H@HOR_9043:296034099-296039262(+)	chr4H@Akashinriki:296467636-296472775(+)	chr4H@HOR_8148:294710480-294715642(+)	chr4H@Planet:292333101-292338264(+)		chr4H@Chiba:297922949-297928089(+)	chr4H@B1K-04-12:298661952-298667113(+)	chr4H@Barke:292528229-292533391(+)
		mmap_geno	chr4H:295518699-295523860(+)	chr4H@MorexV3:295518699-295523860(+)	chr4H@GoldenPromise:293619761-293624924(+)	chr4H@Hockett:294782748-294787911(+)	chr4H@HOR_21599:295486160-295491320(+)	chr4H@Du_Li_Huang:297338850-297343989(+)	chr4H@HOR_3081:295173751-295178912(+)	chr4H@Igri:294642776-294647937(+)	chr4H@HOR_13821:294828105-294833265(+)	chr4H@HOR_7552:297297968-297303109(+)	chr4H@OUN333:296129935-296135076(+)	chr4H@HOR_13942:295463765-295468926(+)	chr4H@HOR_3365:296642267-296647405(+)	chr4H@HOR_9043:296034099-296039262(+)	chr4H@Akashinriki:296467636-296472775(+)	chr4H@HOR_8148:294710480-294715642(+)	chr4H@Planet:292333101-292338264(+)	chr4H@HOR_10350:298032036-298037196(-)	chr4H@Chiba:297922949-297928089(+)	chr4H@B1K-04-12:298661952-298667113(+)	
		gmap_pro	chr4H:295518699-295523860(+)	chr4H@MorexV3:295518699-295523860(+)	chr4H@GoldenPromise:293619761-293624924(+)	chr4H@Hockett:294782748-294787911(+)	chr4H@HOR_21599:295486160-295491320(+)	chr4H@Du_Li_Huang:297338850-297343989(+)	chr4H@HOR_3081:295173751-295178912(+)	chr4H@Igri:294642776-294647937(+)	chr4H@HOR_13821:294828105-294833265(+)	chr4H@HOR_7552:297297968-297303109(+)	chr4H@OUN333:296129935-296135076(+)	chr4H@HOR_13942:295463765-295468926(+)	chr4H@HOR_3365:296642267-296647405(+)	chr4H@HOR_9043:296034099-296039262(+)	chr4H@Akashinriki:296467636-296472775(+)	chr4H@HOR_8148:294710480-294715642(+)	chr4H@Planet:292333101-292338264(+)		chr4H@Chiba:297922949-297928089(+)	chr4H@B1K-04-12:298661952-298667113(+)	chr4H@Barke:292528229-292533391(+)
		gmap_geno	chr4H:295518699-295523860(+)	chr4H@MorexV3:295518699-295523860(+)	chr4H@GoldenPromise:293619761-293624924(+)	chr4H@Hockett:294782748-294787911(+)	chr4H@HOR_21599:295486160-295491320(+)	chr4H@Du_Li_Huang:297338850-297343989(+)	chr4H@HOR_3081:295173751-295178912(+)	chr4H@Igri:294642776-294647937(+)	chr4H@HOR_13821:294828105-294833265(+)	chr4H@HOR_7552:297297968-297303109(+)	chr4H@OUN333:296129935-296135076(+)	chr4H@HOR_13942:295463765-295468926(+)	chr4H@HOR_3365:296642267-296647405(+)	chr4H@HOR_9043:296034099-296039262(+)	chr4H@Akashinriki:296467636-296472775(+)	chr4H@HOR_8148:294710480-294715642(+)	chr4H@Planet:292333101-292338264(+)	chr4H@HOR_10350:298032036-298037196(-)	chr4H@Chiba:297922949-297928089(+)	chr4H@B1K-04-12:298661952-298667113(+)	chr4H@Barke:292528229-292533391(+)
HvPRR73	HORVU.MOREX.r3.4HG0385940.1	mmap_pro	chr4H:459717105-459722719(+)	chr4H@MorexV3:459717105-459722719(+)	chr4H@GoldenPromise:458270373-458275987(+)	chr4H@Hockett:460665215-460670837(+)	chr4H@HOR_21599:460715420-460721034(+)	chr4H@Du_Li_Huang:461808076-461813708(+)	chr4H@HOR_3081:459375650-459381272(+)	chr4H@Igri:459184608-459190230(+)	chr4H@HOR_13821:458633717-458639331(+)	chr4H@HOR_7552:461782637-461788268(+)	chr4H@OUN333:459530692-459536323(+)	chr4H@HOR_13942:460019718-460025340(+)	chr4H@HOR_3365:461302844-461308475(+)	chr4H@HOR_9043:460373001-460378617(+)	chr4H@Akashinriki:460157896-460163527(+)	chr4H@HOR_8148:459403420-459409034(+)	chr4H@Planet:456560745-456566359(+)	chr4H@HOR_10350:459493183-459498799(+)	chr4H@Chiba:462515249-462520880(+)	chr4H@B1K-04-12:462758037-462763658(+)	chr4H@Barke:457415499-457421113(+)
		mmap_geno	chr4H:459717105-459722719(+)	chr4H@MorexV3:459717105-459722719(+)	chr4H@GoldenPromise:458270373-458275987(+)	chr4H@Hockett:460665215-460670837(+)	chr4H@HOR_21599:460715420-460721034(+)	chr4H@Du_Li_Huang:461808076-461813708(+)	chr4H@HOR_3081:459375650-459381272(+)	chr4H@Igri:459184608-459190230(+)	chr4H@HOR_13821:458633717-458639331(+)	chr4H@HOR_7552:461782637-461788268(+)	chr4H@OUN333:459530692-459536323(+)	chr4H@HOR_13942:460019718-460025340(+)	chr4H@HOR_3365:461302844-461308475(+)	chr4H@HOR_9043:460373001-460378617(+)	chr4H@Akashinriki:460157896-460163527(+)	chr4H@HOR_8148:459403420-459409034(+)	chr4H@Planet:456560745-456566359(+)	chr4H@HOR_10350:459493183-459498799(+)	chr4H@Chiba:462515249-462520880(+)	chr4H@B1K-04-12:462758037-462763658(+)	
		gmap_pro	chr4H:459717105-459722719(+)	chr4H@MorexV3:459717105-459722719(+)	chr4H@GoldenPromise:458270373-458275987(+)	chr4H@Hockett:460665215-460670837(+)	chr4H@HOR_21599:460715420-460721034(+)	chr4H@Du_Li_Huang:461808076-461813708(+)	chr4H@HOR_3081:459375650-459381272(+)	chr4H@Igri:459184608-459190230(+)	chr4H@HOR_13821:458633717-458639331(+)	chr4H@HOR_7552:461782637-461788268(+)	chr4H@OUN333:459530692-459536323(+)	chr4H@HOR_13942:460019718-460025340(+)	chr4H@HOR_3365:461302844-461308475(+)	chr4H@HOR_9043:460373001-460378617(+)	chr4H@Akashinriki:460157896-460163527(+)	chr4H@HOR_8148:459403420-459409034(+)	chr4H@Planet:456560745-456566359(+)	chr4H@HOR_10350:459493183-459498799(+)	chr4H@Chiba:462515249-462520880(+)	chr4H@B1K-04-12:462758037-462763658(+)	chr4H@Barke:457415499-457421113(+)
		gmap_geno	chr4H:459717105-459722719(+)	chr4H@MorexV3:459717105-459722719(+)	chr4H@GoldenPromise:458270373-458275987(+)	chr4H@Hockett:460665215-460670837(+)	chr4H@HOR_21599:460715420-460721034(+)	chr4H@Du_Li_Huang:461808076-461813708(+)	chr4H@HOR_3081:459375650-459381272(+)	chr4H@Igri:459184608-459190230(+)	chr4H@HOR_13821:458633717-458639331(+)	chr4H@HOR_7552:461782637-461788268(+)	chr4H@OUN333:459530692-459536323(+)	chr4H@HOR_13942:460019718-460025340(+)	chr4H@HOR_3365:461302844-461308475(+)	chr4H@HOR_9043:460373001-460378617(+)	chr4H@Akashinriki:460157896-460163527(+)	chr4H@HOR_8148:459403420-459409034(+)	chr4H@Planet:456560745-456566359(+)	chr4H@HOR_10350:459493183-459498799(+)	chr4H@Chiba:462515249-462520880(+)	chr4H@B1K-04-12:462758037-462763658(+)	chr4H@Barke:457415499-457421113(+)
HvGRP7b	HORVU.MOREX.r3.5HG0421460.1	mmap_pro	chr5H:5219756-5220806(-)	chr5H@MorexV3:5219756-5220806(-)	chr5H@GoldenPromise:8365354-8366398(-)	chr5H@Hockett:8276822-8277866(-)	chr5H@HOR_21599:7106463-7107513(-)	chr5H@Du_Li_Huang:6994811-6995856(-)	chr5H@HOR_3081:8003228-8004278(-)	chr5H@Igri:8115512-8116557(-)	chr5H@HOR_13821:8149451-8150495(-)			chr5H@HOR_13942:7936210-7937245(-)	chr5H@HOR_3365:7977503-7978544(-)	chr5H@HOR_9043:8038794-8039840(-)	chr5H@Akashinriki:8014857-8015902(-)	chr5H@HOR_8148:8381214-8382258(-)	chr5H@Planet:7403882-7404932(-)	chr5H@HOR_10350:4905972-4907017(-)	chr5H@Chiba:8235011-8236056(-)	chr5H@B1K-04-12:6684489-6685544(-)	chr5H@Barke:6167284-6168334(-)
		mmap_geno	chr5H:5219756-5220806(-)	chr5H@MorexV3:5219756-5220806(-)	chr5H@GoldenPromise:8365354-8366398(-)	chr5H@Hockett:8276822-8277866(-)	chr5H@HOR_21599:7106463-7107513(-)	chr5H@Du_Li_Huang:6994811-6995856(-)	chr5H@HOR_3081:8003228-8004278(-)	chr5H@Igri:8115512-8116557(-)	chr5H@HOR_13821:8149451-8150495(-)			chr5H@HOR_13942:7936210-7937245(-)	chr5H@HOR_3365:7977503-7978544(-)	chr5H@HOR_9043:8038794-8039840(-)	chr5H@Akashinriki:8014857-8015902(-)	chr5H@HOR_8148:8381214-8382258(-)	chr5H@Planet:7403882-7404932(-)	chr5H@HOR_10350:4905972-4907017(-)	chr5H@Chiba:8235011-8236056(-)	chr5H@B1K-04-12:6684489-6685544(-)	
		gmap_pro	chr5H:5219756-5220806(-)	chr5H@MorexV3:5219756-5220806(-)	chr5H@GoldenPromise:8365354-8366398(-)	chr5H@Hockett:8276822-8277866(-)	chr5H@HOR_21599:7106463-7107513(-)	chr5H@Du_Li_Huang:6994811-6995856(-)	chr5H@HOR_3081:8003228-8004278(-)	chr5H@Igri:8115512-8116557(-)	chr5H@HOR_13821:8149451-8150495(-)			chr5H@HOR_13942:7936210-7937245(-)	chr5H@HOR_3365:7977503-7978544(-)	chr5H@HOR_9043:8038794-8039840(-)	chr5H@Akashinriki:8014857-8015902(-)	chr5H@HOR_8148:8381214-8382258(-)	chr5H@Planet:7403882-7404932(-)	chr5H@HOR_10350:4905972-4907017(-)	chr5H@Chiba:8235011-8236056(-)	chr5H@B1K-04-12:6684489-6685544(-)	chr5H@Barke:6167284-6168334(-)
		gmap_geno	chr5H:5219756-5220806(-)	chr5H@MorexV3:5219756-5220806(-)	chr5H@GoldenPromise:8365354-8366398(-)	chr5H@Hockett:8276822-8277866(-)	chr5H@HOR_21599:7106463-7107513(-)	chr5H@Du_Li_Huang:6994811-6995856(-)	chr5H@HOR_3081:8003228-8004278(-)	chr5H@Igri:8115512-8116557(-)	chr5H@HOR_13821:8149451-8150495(-)			chr5H@HOR_13942:7936210-7937245(-)	chr5H@HOR_3365:7977503-7978544(-)	chr5H@HOR_9043:8038794-8039840(-)	chr5H@Akashinriki:8014857-8015902(-)	chr5H@HOR_8148:8381214-8382258(-)	chr5H@Planet:7403882-7404932(-)	chr5H@HOR_10350:4905972-4907017(-)	chr5H@Chiba:8235011-8236056(-)	chr5H@B1K-04-12:6684489-6685544(-)	chr5H@Barke:6167284-6168334(-)
HvELF4-likeA	HORVU.MOREX.r3.5HG0478460.1	mmap_pro	chr5H:419042446-419043395(+)	chr5H@MorexV3:419042446-419043395(+)	chr5H@GoldenPromise:420546177-420547126(+)	chr5H@Hockett:421631916-421632865(+)	chr5H@HOR_21599:417757057-417758007(+)		chr5H@HOR_3081:421802216-421803165(+)	chr5H@Igri:427169658-427170607(+)	chr5H@HOR_13821:425437396-425438346(+)			chr5H@HOR_13942:425499908-425500858(+)	chr5H@HOR_3365:420893341-420894290(+)	chr5H@HOR_9043:422375715-422376664(+)	chr5H@Akashinriki:423680906-423681856(+)	chr5H@HOR_8148:421629858-421630807(+)	chr5H@Planet:428692017-428692966(+)	chr5H@HOR_10350:414661058-414662007(+)			chr5H@Barke:431145453-431146402(+)
		mmap_geno	chr5H:419042446-419043395(+)	chr5H@MorexV3:419042446-419043395(+)	chr5H@GoldenPromise:420546177-420547126(+)	chr5H@Hockett:421631916-421632865(+)	chr5H@HOR_21599:417757057-417758007(+)		chr5H@HOR_3081:421802216-421803165(+)	chr5H@Igri:427169658-427170607(+)	chr5H@HOR_13821:425437396-425438346(+)			chr5H@HOR_13942:425499908-425500858(+)	chr5H@HOR_3365:420893341-420894290(+)	chr5H@HOR_9043:422375715-422376664(+)	chr5H@Akashinriki:423680906-423681856(+)	chr5H@HOR_8148:421629858-421630807(+)	chr5H@Planet:428692017-428692966(+)	chr5H@HOR_10350:414661058-414662007(+)			chr5H@Barke:431145453-431146402(+)
		gmap_pro	chr5H:419042446-419043395(+)	chr5H@MorexV3:419042446-419043395(+)	chr5H@GoldenPromise:420546177-420547126(+)	chr5H@Hockett:421631916-421632865(+)	chr5H@HOR_21599:417757057-417758007(+)		chr5H@HOR_3081:421802216-421803165(+)	chr5H@Igri:427169658-427170607(+)	chr5H@HOR_13821:425437396-425438346(+)			chr5H@HOR_13942:425499908-425500858(+)	chr5H@HOR_3365:420893341-420894290(+)	chr5H@HOR_9043:422375715-422376664(+)	chr5H@Akashinriki:423680906-423681856(+)	chr5H@HOR_8148:421629858-421630807(+)	chr5H@Planet:428692017-428692966(+)	chr5H@HOR_10350:414661058-414662007(+)			chr5H@Barke:431145453-431146402(+)
		gmap_geno	chr5H:419042446-419043395(+)	chr5H@MorexV3:419042446-419043395(+)	chr5H@GoldenPromise:420546177-420547126(+)	chr5H@Hockett:421631916-421632865(+)	chr5H@HOR_21599:417757057-417758007(+)		chr5H@HOR_3081:421802216-421803165(+)	chr5H@Igri:427169658-427170607(+)	chr5H@HOR_13821:425437396-425438346(+)			chr5H@HOR_13942:425499908-425500858(+)	chr5H@HOR_3365:420893341-420894290(+)	chr5H@HOR_9043:422375715-422376664(+)	chr5H@Akashinriki:423680906-423681856(+)	chr5H@HOR_8148:421629858-421630807(+)	chr5H@Planet:428692017-428692966(+)	chr5H@HOR_10350:414661058-414662007(+)			chr5H@Barke:431145453-431146402(+)
HvPRR95	HORVU.MOREX.r3.5HG0498830.1	mmap_pro	chr5H:499522423-499526178(-)	chr5H@MorexV3:499522423-499526178(-)	chr5H@GoldenPromise:500867594-500871552(-)	chr5H@Hockett:500970418-500974376(-)	chr5H@HOR_21599:497080562-497084555(-)	chr5H@Du_Li_Huang:504902059-504906017(-)	chr5H@HOR_3081:502573425-502577419(-)	chr5H@Igri:506935414-506939408(-)	chr5H@HOR_13821:504702817-504706773(-)	chr5H@HOR_7552:503897858-503901816(-)	chr5H@OUN333:500775373-500779124(-)	chr5H@HOR_13942:507169774-507173531(-)	chr5H@HOR_3365:499112426-499116384(-)	chr5H@HOR_9043:502264939-502268932(-)	chr5H@Akashinriki:503377689-503381647(-)	chr5H@HOR_8148:501287474-501291432(-)	chr5H@Planet:508215685-508219643(-)	chr5H@HOR_10350:495647032-495650788(-)	chr5H@Chiba:502742254-502746212(-)	chr5H@B1K-04-12:511827002-511830995(-)	chr5H@Barke:510541190-510545148(-)
		mmap_geno	chr5H:499522423-499526178(-)	chr5H@MorexV3:499522423-499526178(-)	chr5H@GoldenPromise:500867594-500871552(-)	chr5H@Hockett:500970418-500974376(-)	chr5H@HOR_21599:497080562-497084555(-)	chr5H@Du_Li_Huang:504902059-504906017(-)	chr5H@HOR_3081:502573425-502577419(-)	chr5H@Igri:506935414-506939408(-)	chr5H@HOR_13821:504702817-504706773(-)	chr5H@HOR_7552:503897858-503901816(-)	chr5H@OUN333:500775373-500779124(-)	chr5H@HOR_13942:507169774-507173531(-)	chr5H@HOR_3365:499112426-499116384(-)	chr5H@HOR_9043:502264939-502268932(-)	chr5H@Akashinriki:503377689-503381647(-)	chr5H@HOR_8148:501287474-501291432(-)	chr5H@Planet:508215685-508219643(-)	chr5H@HOR_10350:495647032-495650788(-)	chr5H@Chiba:502742254-502746212(-)	chr5H@B1K-04-12:511827002-511830995(-)	chr5H@Barke:510541190-510545148(-)
		gmap_pro	chr5H:499522423-499526178(-)	chr5H@MorexV3:499522423-499526178(-)	chr5H@GoldenPromise:500867594-500871552(-)	chr5H@Hockett:500970418-500974376(-)	chr5H@HOR_21599:497080562-497084555(-)	chr5H@Du_Li_Huang:504902059-504906017(-)	chr5H@HOR_3081:502573425-502577419(-)	chr5H@Igri:506935414-506939408(-)	chr5H@HOR_13821:504702817-504706773(-)	chr5H@HOR_7552:503897858-503901816(-)	chr5H@OUN333:500775373-500779124(-)	chr5H@HOR_13942:507169774-507173531(-)	chr5H@HOR_3365:499112426-499116384(-)	chr5H@HOR_9043:502264939-502268932(-)	chr5H@Akashinriki:503377689-503381647(-)	chr5H@HOR_8148:501287474-501291432(-)	chr5H@Planet:508215685-508219643(-)	chr5H@HOR_10350:495647032-495650788(-)	chr5H@Chiba:502742254-502746212(-)	chr5H@B1K-04-12:511827002-511830995(-)	chr5H@Barke:510541190-510545148(-)
		gmap_geno	chr5H:499522423-499526178(-)	chr5H@MorexV3:499522423-499526178(-)	chr5H@GoldenPromise:500867594-500871552(-)	chr5H@Hockett:500970418-500974376(-)	chr5H@HOR_21599:497080562-497084555(-)	chr5H@Du_Li_Huang:504902059-504906017(-)	chr5H@HOR_3081:502573425-502577419(-)	chr5H@Igri:506935414-506939408(-)	chr5H@HOR_13821:504702817-504706773(-)	chr5H@HOR_7552:503897858-503901816(-)	chr5H@OUN333:500775373-500779124(-)	chr5H@HOR_13942:507169774-507173531(-)	chr5H@HOR_3365:499112426-499116384(-)	chr5H@HOR_9043:502264939-502268932(-)	chr5H@Akashinriki:503377689-503381647(-)	chr5H@HOR_8148:501287474-501291432(-)	chr5H@Planet:508215685-508219643(-)	chr5H@HOR_10350:495647032-495650788(-)	chr5H@Chiba:502742254-502746212(-)	chr5H@B1K-04-12:511827002-511830995(-)	chr5H@Barke:510541190-510545148(-)
HvZTL	HORVU.MOREX.r3.6HG0560010.1	mmap_pro	chr6H:67921545-67927357(+)	chr6H@MorexV3:67921545-67927357(+)	chr6H@GoldenPromise:67850778-67856592(+)	chr6H@Hockett:69411155-69416969(+)	chr6H@HOR_21599:71587573-71593385(+)	chr6H@Du_Li_Huang:68010520-68016331(+)	chr6H@HOR_3081:60838563-60844375(+)	chr6H@Igri:69456165-69461977(+)	chr6H@HOR_13821:71767029-71772841(+)	chr6H@HOR_7552:68118570-68124381(+)	chr6H@OUN333:69065524-69071336(+)	chr6H@HOR_13942:70575727-70581539(+)	chr6H@HOR_3365:68223162-68228974(+)	chr6H@HOR_9043:68178680-68184493(+)	chr6H@Akashinriki:67318191-67324003(+)	chr6H@HOR_8148:70830354-70836166(+)	chr6H@Planet:66971892-66977706(+)	chr6H@HOR_10350:63946716-63952529(+)	chr6H@Chiba:70579738-70585550(+)	chr6H@B1K-04-12:72347572-72353385(+)	chr6H@Barke:66709014-66714828(+)
		mmap_geno	chr6H:67921545-67927357(+)	chr6H@MorexV3:67921545-67927357(+)	chr6H@GoldenPromise:67850778-67856592(+)	chr6H@Hockett:69411155-69416969(+)	chr6H@HOR_21599:71587573-71593385(+)	chr6H@Du_Li_Huang:68010520-68016331(+)	chr6H@HOR_3081:60838563-60844375(+)	chr6H@Igri:69456165-69461977(+)	chr6H@HOR_13821:71767029-71772841(+)	chr6H@HOR_7552:68118570-68124381(+)	chr6H@OUN333:69065524-69071336(+)	chr6H@HOR_13942:70575727-70581539(+)	chr6H@HOR_3365:68223162-68228974(+)	chr6H@HOR_9043:68178680-68184493(+)	chr6H@Akashinriki:67318191-67324003(+)	chr6H@HOR_8148:70830354-70836166(+)	chr6H@Planet:66971892-66977706(+)	chr6H@HOR_10350:63946716-63952529(+)	chr6H@Chiba:70579738-70585550(+)	chr6H@B1K-04-12:72347572-72353385(+)	chr6H@Barke:66709014-66714828(+)
		gmap_pro	chr6H:67921545-67927357(+)	chr6H@MorexV3:67921545-67927357(+)	chr6H@GoldenPromise:67850778-67856592(+)	chr6H@Hockett:69411155-69416969(+)	chr6H@HOR_21599:71587573-71593385(+)	chr6H@Du_Li_Huang:68010520-68016331(+)	chr6H@HOR_3081:60838563-60844375(+)	chr6H@Igri:69456165-69461977(+)	chr6H@HOR_13821:71767029-71772841(+)	chr6H@HOR_7552:68118570-68124381(+)	chr6H@OUN333:69065524-69071336(+)	chr6H@HOR_13942:70575727-70581539(+)	chr6H@HOR_3365:68223162-68228974(+)	chr6H@HOR_9043:68178680-68184493(+)	chr6H@Akashinriki:67318191-67324003(+)	chr6H@HOR_8148:70830354-70836166(+)	chr6H@Planet:66971892-66977706(+)	chr6H@HOR_10350:63946716-63952529(+)	chr6H@Chiba:70579738-70585550(+)	chr6H@B1K-04-12:72347572-72353385(+)	chr6H@Barke:66709014-66714828(+)
		gmap_geno	chr6H:67921545-67927357(+)	chr6H@MorexV3:67921545-67927357(+)	chr6H@GoldenPromise:67850778-67856592(+)	chr6H@Hockett:69411155-69416969(+)	chr6H@HOR_21599:71587573-71593385(+)	chr6H@Du_Li_Huang:68010520-68016331(+)	chr6H@HOR_3081:60838563-60844375(+)	chr6H@Igri:69456165-69461977(+)	chr6H@HOR_13821:71767029-71772841(+)	chr6H@HOR_7552:68118570-68124381(+)	chr6H@OUN333:69065524-69071336(+)	chr6H@HOR_13942:70575727-70581539(+)	chr6H@HOR_3365:68223162-68228974(+)	chr6H@HOR_9043:68178680-68184493(+)	chr6H@Akashinriki:67318191-67324003(+)	chr6H@HOR_8148:70830354-70836166(+)	chr6H@Planet:66971892-66977706(+)	chr6H@HOR_10350:63946716-63952529(+)	chr6H@Chiba:70579738-70585550(+)	chr6H@B1K-04-12:72347572-72353385(+)	chr6H@Barke:66709014-66714828(+)
HvTOC1	HORVU.MOREX.r3.6HG0595250.1	mmap_pro	chr6H:368100872-368103754(+)	chr6H@MorexV3:368100872-368103754(+)	chr6H@GoldenPromise:384067593-384070475(-)	chr6H@Hockett:363174187-363177069(+)	chr6H@HOR_21599:370136932-370139824(+)	chr6H@Du_Li_Huang:370282240-370285181(+)	chr6H@HOR_3081:360168936-360171818(+)	chr6H@Igri:363213149-363216031(+)	chr6H@HOR_13821:369302891-369305773(+)	chr6H@HOR_7552:366349660-366352542(+)	chr6H@OUN333:369941798-369944680(+)	chr6H@HOR_13942:360684257-360687140(+)	chr6H@HOR_3365:362504068-362506950(+)	chr6H@HOR_9043:367309347-367312229(+)	chr6H@Akashinriki:360919516-360922398(+)	chr6H@HOR_8148:368176333-368179215(+)	chr6H@Planet:360584654-360587536(+)	chr6H@HOR_10350:362216317-362219199(+)	chr6H@Chiba:386319136-386322018(+)	chr6H@B1K-04-12:388073334-388076216(+)	chr6H@Barke:363983088-363985971(+)
		mmap_geno	chr6H:368100872-368103754(+)	chr6H@MorexV3:368100872-368103754(+)	chr6H@GoldenPromise:384067593-384070475(-)	chr6H@Hockett:363174187-363177069(+)	chr6H@HOR_21599:370136932-370139824(+)	chr6H@Du_Li_Huang:370282240-370285181(+)	chr6H@HOR_3081:360168936-360171818(+)	chr6H@Igri:363213149-363216031(+)	chr6H@HOR_13821:369302891-369305773(+)	chr6H@HOR_7552:366349660-366352542(+)	chr6H@OUN333:369941798-369944680(+)	chr6H@HOR_13942:360684257-360687140(+)	chr6H@HOR_3365:362504068-362506950(+)	chr6H@HOR_9043:367309347-367312229(+)	chr6H@Akashinriki:360919516-360922398(+)	chr6H@HOR_8148:368176333-368179215(+)	chr6H@Planet:360584654-360587536(+)	chr6H@HOR_10350:362216317-362219199(+)	chr6H@Chiba:386319136-386322018(+)	chr6H@B1K-04-12:388073334-388076216(+)	chr6H@Barke:363983088-363985971(+)
		gmap_pro	chr6H:368100872-368103754(+)	chr6H@MorexV3:368100872-368103754(+)	chr6H@GoldenPromise:384067593-384070475(-)	chr6H@Hockett:363174187-363177069(+)	chr6H@HOR_21599:370136932-370139824(+)	chr6H@Du_Li_Huang:370282240-370285181(+)	chr6H@HOR_3081:360168936-360171818(+)	chr6H@Igri:363213149-363216031(+)	chr6H@HOR_13821:369302891-369305773(+)	chr6H@HOR_7552:366349660-366352542(+)	chr6H@OUN333:369941798-369944680(+)	chr6H@HOR_13942:360684257-360687140(+)	chr6H@HOR_3365:362504068-362506950(+)	chr6H@HOR_9043:367309347-367312229(+)	chr6H@Akashinriki:360919516-360922398(+)	chr6H@HOR_8148:368176333-368179215(+)	chr6H@Planet:360584654-360587536(+)	chr6H@HOR_10350:362216317-362219199(+)	chr6H@Chiba:386319136-386322018(+)	chr6H@B1K-04-12:388073334-388076216(+)	chr6H@Barke:363983088-363985971(+)
		gmap_geno	chr6H:368100872-368103754(+)	chr6H@MorexV3:368100872-368103754(+)	chr6H@GoldenPromise:384067593-384070475(-)	chr6H@Hockett:363174187-363177069(+)	chr6H@HOR_21599:370136932-370139824(+)	chr6H@Du_Li_Huang:370282240-370285181(+)	chr6H@HOR_3081:360168936-360171818(+)	chr6H@Igri:363213149-363216031(+)	chr6H@HOR_13821:369302891-369305773(+)	chr6H@HOR_7552:366349660-366352542(+)	chr6H@OUN333:369941798-369944680(+)	chr6H@HOR_13942:360684257-360687140(+)	chr6H@HOR_3365:362504068-362506950(+)	chr6H@HOR_9043:367309347-367312229(+)	chr6H@Akashinriki:360919516-360922398(+)	chr6H@HOR_8148:368176333-368179215(+)	chr6H@Planet:360584654-360587536(+)	chr6H@HOR_10350:362216317-362219199(+)	chr6H@Chiba:386319136-386322018(+)	chr6H@B1K-04-12:388073334-388076216(+)	chr6H@Barke:363983088-363985971(+)
HvCO2	HORVU.MOREX.r3.6HG0611620.1	mmap_pro	chr6H:488399529-488399873(-)	chr6H@MorexV3:488399529-488399873(-)	chr6H@GoldenPromise:485832818-485833162(-)	chr6H@Hockett:483163044-483163388(-)	chr6H@HOR_21599:490094451-490094795(-)	chr6H@Du_Li_Huang:490580334-490580678(-)	chr6H@HOR_3081:479834519-479834863(-)	chr6H@Igri:482262623-482262967(-)	chr6H@HOR_13821:488002309-488002654(-)	chr6H@HOR_7552:486869626-486869972(-)	chr6H@OUN333:490178036-490178380(-)	chr6H@HOR_13942:479622900-479623244(-)	chr6H@HOR_3365:483107902-483108246(-)	chr6H@HOR_9043:486540606-486540950(-)	chr6H@Akashinriki:480121171-480121515(-)	chr6H@HOR_8148:488313038-488313382(-)	chr6H@Planet:480384090-480384434(-)	chr6H@HOR_10350:482198122-482198466(-)	chr6H@Chiba:506104815-506105159(-)	chr6H@B1K-04-12:506346217-506346561(-)	chr6H@Barke:484100536-484100880(-)
		mmap_geno	chr6H:488399529-488399873(-)	chr6H@MorexV3:488399529-488399873(-)	chr6H@GoldenPromise:485832818-485833162(-)	chr6H@Hockett:483163044-483163388(-)	chr6H@HOR_21599:490094451-490094795(-)	chr6H@Du_Li_Huang:490580334-490580678(-)	chr6H@HOR_3081:479834519-479834863(-)	chr6H@Igri:482262623-482262967(-)	chr6H@HOR_13821:488002309-488002654(-)	chr6H@HOR_7552:486869626-486869972(-)	chr6H@OUN333:490178036-490178380(-)	chr6H@HOR_13942:479622900-479623244(-)	chr6H@HOR_3365:483107902-483108246(-)	chr6H@HOR_9043:486540606-486540950(-)	chr6H@Akashinriki:480121171-480121515(-)	chr6H@HOR_8148:488313038-488313382(-)	chr6H@Planet:480384090-480384434(-)	chr6H@HOR_10350:482198122-482198466(-)	chr6H@Chiba:506104815-506105159(-)	chr6H@B1K-04-12:506346217-506346561(-)	chr6H@Barke:484100536-484100880(-)
		gmap_pro	chr6H:488399529-488399873(-)	chr6H@MorexV3:488399529-488399873(-)	chr6H@GoldenPromise:485832818-485833162(-)	chr6H@Hockett:483163044-483163388(-)	chr6H@HOR_21599:490094451-490094795(-)	chr6H@Du_Li_Huang:490580334-490580678(-)	chr6H@HOR_3081:479834519-479834863(-)	chr6H@Igri:482262623-482262967(-)	chr6H@HOR_13821:488002309-488002654(-)	chr6H@HOR_7552:486869626-486869972(-)	chr6H@OUN333:490178036-490178380(-)	chr6H@HOR_13942:479622900-479623244(-)	chr6H@HOR_3365:483107902-483108246(-)	chr6H@HOR_9043:486540606-486540950(-)	chr6H@Akashinriki:480121171-480121515(-)	chr6H@HOR_8148:488313038-488313382(-)	chr6H@Planet:480384090-480384434(-)	chr6H@HOR_10350:482198122-482198466(-)	chr6H@Chiba:506104815-506105159(-)	chr6H@B1K-04-12:506346217-506346561(-)	chr6H@Barke:484100536-484100880(-)
		gmap_geno	chr6H:488399529-488399873(-)	chr6H@MorexV3:488399529-488399873(-)	chr6H@GoldenPromise:485832818-485833162(-)	chr6H@Hockett:483163044-483163388(-)	chr6H@HOR_21599:490094451-490094795(-)	chr6H@Du_Li_Huang:490580334-490580678(-)	chr6H@HOR_3081:479834519-479834863(-)	chr6H@Igri:482262623-482262967(-)	chr6H@HOR_13821:488002309-488002654(-)	chr6H@HOR_7552:486869626-486869972(-)	chr6H@OUN333:490178036-490178380(-)	chr6H@HOR_13942:479622900-479623244(-)	chr6H@HOR_3365:483107902-483108246(-)	chr6H@HOR_9043:486540606-486540950(-)	chr6H@Akashinriki:480121171-480121515(-)	chr6H@HOR_8148:488313038-488313382(-)	chr6H@Planet:480384090-480384434(-)	chr6H@HOR_10350:482198122-482198466(-)	chr6H@Chiba:506104815-506105159(-)	chr6H@B1K-04-12:506346217-506346561(-)	chr6H@Barke:484100536-484100880(-)
HvFT1	HORVU.MOREX.r3.7HG0653910.1	mmap_pro	chr7H:42284165-42285781(-)	chr7H@MorexV3:42284165-42285781(-)	chr7H@GoldenPromise:43824763-43826385(-)	chr7H@Hockett:42442383-42443999(-)	chr7H@HOR_21599:42673285-42674909(-)	chr7H@Du_Li_Huang:40491667-40493283(-)	chr7H@HOR_3081:40073418-40075040(-)	chr7H@Igri:45082021-45083643(-)	chr7H@HOR_13821:43774430-43776046(-)	chr7H@HOR_7552:43020413-43022029(-)	chr7H@OUN333:48829749-48831365(-)	chr7H@HOR_13942:41705454-41707076(-)	chr7H@HOR_3365:42393559-42395175(-)	chr7H@HOR_9043:42705445-42707061(-)	chr7H@Akashinriki:39698196-39699812(-)	chr7H@HOR_8148:41762883-41764505(-)	chr7H@Planet:44702087-44703709(-)	chr7H@HOR_10350:38844323-38845939(-)	chr7H@Chiba:38398165-38399781(-)	chr7H@B1K-04-12:43817065-43818683(-)	chr7H@Barke:39718725-39720341(-)
		mmap_geno	chr7H:42284165-42285781(-)	chr7H@MorexV3:42284165-42285781(-)	chr7H@GoldenPromise:43824763-43826385(-)	chr7H@Hockett:42442383-42443999(-)	chr7H@HOR_21599:42673285-42674909(-)	chr7H@Du_Li_Huang:40491667-40493283(-)	chr7H@HOR_3081:40073418-40075040(-)	chr7H@Igri:45082021-45083643(-)	chr7H@HOR_13821:43774430-43776046(-)	chr7H@HOR_7552:43020413-43022029(-)	chr7H@OUN333:48829749-48831365(-)	chr7H@HOR_13942:41705454-41707076(-)	chr7H@HOR_3365:42393559-42395175(-)	chr7H@HOR_9043:42705445-42707061(-)	chr7H@Akashinriki:39698196-39699812(-)	chr7H@HOR_8148:41762883-41764505(-)	chr7H@Planet:44702087-44703709(-)	chr7H@HOR_10350:38844323-38845939(-)	chr7H@Chiba:38398165-38399781(-)	chr7H@B1K-04-12:43817065-43818683(-)	chr7H@Barke:39718725-39720341(-)
		gmap_pro	chr7H:42284165-42285781(-)	chr7H@MorexV3:42284165-42285781(-)	chr7H@GoldenPromise:43824763-43826385(-)	chr7H@Hockett:42442383-42443999(-)	chr7H@HOR_21599:42673285-42674909(-)	chr7H@Du_Li_Huang:40491667-40493283(-)	chr7H@HOR_3081:40073418-40075040(-)	chr7H@Igri:45082021-45083643(-)	chr7H@HOR_13821:43774430-43776046(-)	chr7H@HOR_7552:43020413-43022029(-)	chr7H@OUN333:48829749-48831365(-)	chr7H@HOR_13942:41705454-41707076(-)	chr7H@HOR_3365:42393559-42395175(-)	chr7H@HOR_9043:42705445-42707061(-)	chr7H@Akashinriki:39698196-39699812(-)	chr7H@HOR_8148:41762883-41764505(-)	chr7H@Planet:44702087-44703709(-)	chr7H@HOR_10350:38844323-38845939(-)	chr7H@Chiba:38398165-38399781(-)	chr7H@B1K-04-12:43817065-43818683(-)	chr7H@Barke:39718725-39720341(-)
		gmap_geno	chr7H:42284165-42285781(-)	chr7H@MorexV3:42284165-42285781(-)	chr7H@GoldenPromise:43824763-43826385(-)	chr7H@Hockett:42442383-42443999(-)	chr7H@HOR_21599:42673285-42674909(-)	chr7H@Du_Li_Huang:40491667-40493283(-)	chr7H@HOR_3081:40073418-40075040(-)	chr7H@Igri:45082021-45083643(-)	chr7H@HOR_13821:43774430-43776046(-)	chr7H@HOR_7552:43020413-43022029(-)	chr7H@OUN333:48829749-48831365(-)	chr7H@HOR_13942:41705454-41707076(-)	chr7H@HOR_3365:42393559-42395175(-)	chr7H@HOR_9043:42705445-42707061(-)	chr7H@Akashinriki:39698196-39699812(-)	chr7H@HOR_8148:41762883-41764505(-)	chr7H@Planet:44702087-44703709(-)	chr7H@HOR_10350:38844323-38845939(-)	chr7H@Chiba:38398165-38399781(-)	chr7H@B1K-04-12:43817065-43818683(-)	chr7H@Barke:39718725-39720341(-)
HvCO1	HORVU.MOREX.r3.7HG0671540.1	mmap_pro	chr7H:121695047-121697564(+)	chr7H@MorexV3:121695047-121697564(+)	chr7H@GoldenPromise:126238627-126241145(+)	chr7H@Hockett:123059138-123061656(+)	chr7H@HOR_21599:123557212-123559730(+)	chr7H@Du_Li_Huang:124127612-124130128(+)	chr7H@HOR_3081:120723652-120726170(+)	chr7H@Igri:125749379-125751897(+)	chr7H@HOR_13821:155323615-155326133(-)	chr7H@HOR_7552:126184988-126187504(+)	chr7H@OUN333:130328914-130331428(+)	chr7H@HOR_13942:121837803-121840321(+)	chr7H@HOR_3365:124571623-124574141(+)	chr7H@HOR_9043:123865657-123866809(+)	chr7H@Akashinriki:119736201-119738718(+)	chr7H@HOR_8148:121601684-121604202(+)	chr7H@Planet:126829531-126832049(+)	chr7H@HOR_10350:119302779-119303931(+)	chr7H@Chiba:120062966-120065483(+)	chr7H@B1K-04-12:125494400-125496918(+)	chr7H@Barke:122037874-122040392(+)
		mmap_geno	chr7H:121695047-121697564(+)	chr7H@MorexV3:121695047-121697564(+)	chr7H@GoldenPromise:126238627-126241145(+)	chr7H@Hockett:123059138-123061656(+)	chr7H@HOR_21599:123557212-123559730(+)	chr7H@Du_Li_Huang:124127612-124130128(+)	chr7H@HOR_3081:120723652-120726170(+)	chr7H@Igri:125749379-125751897(+)	chr7H@HOR_13821:155323615-155326133(-)	chr7H@HOR_7552:126184988-126187504(+)	chr7H@OUN333:130328914-130331428(+)	chr7H@HOR_13942:121837803-121840321(+)	chr7H@HOR_3365:124571623-124574141(+)	chr7H@HOR_9043:123865657-123866809(+)	chr7H@Akashinriki:119736201-119738718(+)	chr7H@HOR_8148:121601684-121604202(+)	chr7H@Planet:126829531-126832049(+)	chr7H@HOR_10350:119302779-119303931(+)	chr7H@Chiba:120062966-120065483(+)	chr7H@B1K-04-12:125494400-125496918(+)	chr7H@Barke:122037874-122040392(+)
		gmap_pro	chr7H:121695047-121697564(+)	chr7H@MorexV3:121695047-121697564(+)	chr7H@GoldenPromise:126238627-126241145(+)	chr7H@Hockett:123059138-123061656(+)	chr7H@HOR_21599:123557212-123559730(+)	chr7H@Du_Li_Huang:124127612-124130128(+)	chr7H@HOR_3081:120723652-120726170(+)	chr7H@Igri:125749379-125751897(+)	chr7H@HOR_13821:155323615-155326133(-)	chr7H@HOR_7552:126184988-126187504(+)	chr7H@OUN333:130328914-130331428(+)	chr7H@HOR_13942:121837803-121840321(+)	chr7H@HOR_3365:124571623-124574141(+)	chr7H@HOR_9043:123865657-123866809(+)	chr7H@Akashinriki:119736201-119738718(+)	chr7H@HOR_8148:121601684-121604202(+)	chr7H@Planet:126829531-126832049(+)	chr7H@HOR_10350:119302779-119303931(+)	chr7H@Chiba:120062966-120065483(+)	chr7H@B1K-04-12:125494400-125496918(+)	chr7H@Barke:122037874-122040392(+)
		gmap_geno	chr7H:121695047-121697564(+)	chr7H@MorexV3:121695047-121697564(+)	chr7H@GoldenPromise:126238627-126241145(+)	chr7H@Hockett:123059138-123061656(+)	chr7H@HOR_21599:123557212-123559730(+)	chr7H@Du_Li_Huang:124127612-124130128(+)	chr7H@HOR_3081:120723652-120726170(+)	chr7H@Igri:125749379-125751897(+)	chr7H@HOR_13821:155323615-155326133(-)	chr7H@HOR_7552:126184988-126187504(+)	chr7H@OUN333:130328914-130331428(+)	chr7H@HOR_13942:121837803-121840321(+)	chr7H@HOR_3365:124571623-124574141(+)	chr7H@HOR_9043:123865657-123866809(+)	chr7H@Akashinriki:119736201-119738718(+)	chr7H@HOR_8148:121601684-121604202(+)	chr7H@Planet:126829531-126832049(+)	chr7H@HOR_10350:119302779-119303931(+)	chr7H@Chiba:120062966-120065483(+)	chr7H@B1K-04-12:125494400-125496918(+)	chr7H@Barke:122037874-122040392(+)
HvLHY	HORVU.MOREX.r3.7HG0699010.1	mmap_pro	chr7H:374177271-374192102(-)	chr7H@MorexV3:374177271-374192102(-)	chr7H@GoldenPromise:371793392-371808220(-)	chr7H@Hockett:373986363-374001194(-)	chr7H@HOR_21599:374261044-374275853(-)	chr7H@Du_Li_Huang:373531491-373546316(-)	chr7H@HOR_3081:372684703-372699532(-)	chr7H@Igri:371258590-371273418(-)	chr7H@HOR_13821:371647599-371662423(-)	chr7H@HOR_7552:379642975-379657795(-)	chr7H@OUN333:381771431-381786261(-)	chr7H@HOR_13942:372438837-372453662(-)	chr7H@HOR_3365:373332286-373347115(-)	chr7H@HOR_9043:376741437-376756262(-)	chr7H@Akashinriki:373096840-373102468(-)	chr7H@HOR_8148:367705210-367720035(-)	chr7H@Planet:371775159-371789985(-)	chr7H@HOR_10350:366948213-366963008(-)		chr7H@B1K-04-12:374900925-374915770(-)	chr7H@Barke:368887432-368902259(-)
		mmap_geno	chr7H:374177271-374192102(-)	chr7H@MorexV3:374177271-374192102(-)	chr7H@GoldenPromise:371793392-371808220(-)	chr7H@Hockett:373986363-374001194(-)	chr7H@HOR_21599:374261044-374275853(-)	chr7H@Du_Li_Huang:373531491-373546316(-)	chr7H@HOR_3081:372684703-372699532(-)	chr7H@Igri:371258590-371273418(-)	chr7H@HOR_13821:371647599-371662423(-)	chr7H@HOR_7552:379642975-379657795(-)	chr7H@OUN333:381771431-381786261(-)	chr7H@HOR_13942:372438837-372453662(-)	chr7H@HOR_3365:373332286-373347115(-)	chr7H@HOR_9043:376741437-376756262(-)	chr7H@Akashinriki:373096840-373102468(-)	chr7H@HOR_8148:367705210-367720035(-)	chr7H@Planet:371775159-371789985(-)	chr7H@HOR_10350:366948213-366963008(-)		chr7H@B1K-04-12:374900925-374915770(-)	chr7H@Barke:368887432-368902259(-)
		gmap_pro	chr7H:374177271-374192102(-)	chr7H@MorexV3:374177271-374192102(-)	chr7H@GoldenPromise:371793392-371808220(-)	chr7H@Hockett:373986363-374001194(-)	chr7H@HOR_21599:374261044-374275853(-)	chr7H@Du_Li_Huang:373531491-373546316(-)	chr7H@HOR_3081:372684703-372699532(-)	chr7H@Igri:371258590-371273418(-)	chr7H@HOR_13821:371647599-371662423(-)	chr7H@HOR_7552:379642975-379657795(-)	chr7H@OUN333:381771431-381786261(-)	chr7H@HOR_13942:372438837-372453662(-)	chr7H@HOR_3365:373332286-373347115(-)	chr7H@HOR_9043:376741437-376756262(-)	chr7H@Akashinriki:373096840-373102468(-)	chr7H@HOR_8148:367705210-367720035(-)	chr7H@Planet:371775159-371789985(-)	chr7H@HOR_10350:366948213-366963008(-)		chr7H@B1K-04-12:374900925-374915770(-)	chr7H@Barke:368887432-368902259(-)
		gmap_geno	chr7H:374177271-374192102(-)	chr7H@MorexV3:374177271-374192102(-)	chr7H@GoldenPromise:371793392-371808220(-)	chr7H@Hockett:373986363-374001194(-)	chr7H@HOR_21599:374261044-374275853(-)	chr7H@Du_Li_Huang:373531491-373546316(-)	chr7H@HOR_3081:372684703-372699532(-)	chr7H@Igri:371258590-371273418(-)	chr7H@HOR_13821:371647599-371662423(-)	chr7H@HOR_7552:379642975-379657795(-)	chr7H@OUN333:381771431-381786261(-)	chr7H@HOR_13942:372438837-372453662(-)	chr7H@HOR_3365:373332286-373347115(-)	chr7H@HOR_9043:376741437-376756262(-)	chr7H@Akashinriki:373096840-373102468(-)	chr7H@HOR_8148:367705210-367720035(-)	chr7H@Planet:371775159-371789985(-)	chr7H@HOR_10350:366948213-366963008(-)		chr7H@B1K-04-12:374900925-374915770(-)	chr7H@Barke:368887432-368902259(-)
HvZTLa	HORVU.MOREX.r3.7HG0729460.1	mmap_pro	chr7H:574178146-574183867(+)	chr7H@MorexV3:574178146-574183867(+)	chr7H@GoldenPromise:570697356-570703077(+)	chr7H@Hockett:571967594-571973372(+)	chr7H@HOR_21599:574742820-574748537(+)	chr7H@Du_Li_Huang:571003322-571009043(+)	chr7H@HOR_3081:571663478-571669195(+)	chr7H@Igri:570881201-570886979(+)	chr7H@HOR_13821:570252498-570258219(+)	chr7H@HOR_7552:578581616-578587354(+)	chr7H@OUN333:578726650-578732371(+)	chr7H@HOR_13942:570429048-570434765(+)	chr7H@HOR_3365:570574238-570579955(+)	chr7H@HOR_9043:574606019-574611797(+)	chr7H@Akashinriki:571911532-571917310(+)	chr7H@HOR_8148:566383909-566389687(+)	chr7H@Planet:487652457-487658235(-)	chr7H@HOR_10350:565262341-565267248(+)	chr7H@Chiba:568008450-568014228(+)	chr7H@B1K-04-12:580123052-580128860(+)	chr7H@Barke:567918222-567924000(+)
		mmap_geno	chr7H:574178146-574183867(+)	chr7H@MorexV3:574178146-574183867(+)	chr7H@GoldenPromise:570697356-570703077(+)	chr7H@Hockett:571967594-571973372(+)	chr7H@HOR_21599:574742820-574748537(+)	chr7H@Du_Li_Huang:571003322-571009043(+)	chr7H@HOR_3081:571663478-571669195(+)	chr7H@Igri:570881201-570886979(+)	chr7H@HOR_13821:570252498-570258219(+)	chr7H@HOR_7552:578581616-578587354(+)	chr7H@OUN333:578726650-578732371(+)	chr7H@HOR_13942:570429048-570434765(+)	chr7H@HOR_3365:570574238-570579955(+)	chr7H@HOR_9043:574606019-574611797(+)	chr7H@Akashinriki:571911532-571917310(+)	chr7H@HOR_8148:566383909-566389687(+)	chr7H@Planet:487652457-487658235(-)	chr7H@HOR_10350:565262341-565267248(+)	chr7H@Chiba:568008450-568014228(+)	chr7H@B1K-04-12:580123052-580128860(+)	chr7H@Barke:567918222-567924000(+)
		gmap_pro	chr7H:574178146-574183867(+)	chr7H@MorexV3:574178146-574183867(+)	chr7H@GoldenPromise:570697356-570703077(+)	chr7H@Hockett:571967594-571973372(+)	chr7H@HOR_21599:574742820-574748537(+)	chr7H@Du_Li_Huang:571003322-571009043(+)	chr7H@HOR_3081:571663478-571669195(+)	chr7H@Igri:570881201-570886979(+)	chr7H@HOR_13821:570252498-570258219(+)	chr7H@HOR_7552:578581616-578587354(+)	chr7H@OUN333:578726650-578732371(+)	chr7H@HOR_13942:570429048-570434765(+)	chr7H@HOR_3365:570574238-570579955(+)	chr7H@HOR_9043:574606019-574611797(+)	chr7H@Akashinriki:571911532-571917310(+)	chr7H@HOR_8148:566383909-566389687(+)	chr7H@Planet:487652457-487658235(-)	chr7H@HOR_10350:565262341-565267248(+)	chr7H@Chiba:568008450-568014228(+)	chr7H@B1K-04-12:580123052-580128860(+)	chr7H@Barke:567918222-567924000(+)
		gmap_geno	chr7H:574178146-574183867(+)	chr7H@MorexV3:574178146-574183867(+)	chr7H@GoldenPromise:570697356-570703077(+)	chr7H@Hockett:571967594-571973372(+)	chr7H@HOR_21599:574742820-574748537(+)	chr7H@Du_Li_Huang:571003322-571009043(+)	chr7H@HOR_3081:571663478-571669195(+)	chr7H@Igri:570881201-570886979(+)	chr7H@HOR_13821:570252498-570258219(+)	chr7H@HOR_7552:578581616-578587354(+)	chr7H@OUN333:578726650-578732371(+)	chr7H@HOR_13942:570429048-570434765(+)	chr7H@HOR_3365:570574238-570579955(+)	chr7H@HOR_9043:574606019-574611797(+)	chr7H@Akashinriki:571911532-571917310(+)	chr7H@HOR_8148:566383909-566389687(+)	chr7H@Planet:487652457-487658235(-)	chr7H@HOR_10350:565262341-565267248(+)	chr7H@Chiba:568008450-568014228(+)	chr7H@B1K-04-12:580123052-580128860(+)	chr7H@Barke:567918222-567924000(+)
		mmap_pro	chr4H:604188191-604202141(.)					chr4H@Du_Li_Huang:605385363-605387020(-)	chr4H@HOR_3081:604754157-604755825(-)	chr4H@Igri:602527414-602529082(-)		chr4H@HOR_7552:605108352-605110013(-);chr4H@HOR_7552:605096405-605098066(-)	chr4H@OUN333:601579483-601581140(-)	chr4H@HOR_13942:603317222-603318879(-)	chr4H@HOR_3365:604762035-604763699(-)	chr4H@HOR_9043:604163347-604165011(-)	chr4H@Akashinriki:604733941-604735598(-);chr4H@Akashinriki:604670043-604671700(-);chr4H@Akashinriki:604723167-604724824(-)			chr4H@HOR_10350:608218048-608219712(-)	chr4H@Chiba:605574265-605575922(-)	chr4H@B1K-04-12:606616887-606618551(-)	
		mmap_geno	chr4H:604188191-604202141(.)					chr4H@Du_Li_Huang:605385363-605387020(-)	chr4H@HOR_3081:604754157-604755825(-)	chr4H@Igri:602527414-602529082(-)		chr4H@HOR_7552:605108352-605110013(-);chr4H@HOR_7552:605096405-605098066(-)	chr4H@OUN333:601579483-601581140(-)	chr4H@HOR_13942:603317222-603318879(-)	chr4H@HOR_3365:604762035-604763699(-)	chr4H@HOR_9043:604163347-604165011(-)	chr4H@Akashinriki:604733941-604735598(-);chr4H@Akashinriki:604670043-604671700(-);chr4H@Akashinriki:604723167-604724824(-)				chr4H@Chiba:605574265-605575922(-)	chr4H@B1K-04-12:606616887-606618551(-)	
VRN2		gmap_pro	chr4H:604188191-604202141(.)					chr4H@Du_Li_Huang:605385363-605387020(-)	chr4H@HOR_3081:604754157-604755825(-)	chr4H@Igri:602527414-602529082(-)		chr4H@HOR_7552:605108352-605110013(-);chr4H@HOR_7552:605096405-605098066(-)	chr4H@OUN333:601579483-601581140(-)	chr4H@HOR_13942:603317222-603318879(-)	chr4H@HOR_3365:604762035-604763699(-)	chr4H@HOR_9043:604163347-604165011(-)	chr4H@Akashinriki:604733941-604735598(-);chr4H@Akashinriki:604670043-604671700(-);chr4H@Akashinriki:604723167-604724824(-)			chr4H@HOR_10350:608218048-608219712(-)	chr4H@Chiba:605574265-605575922(-)	chr4H@B1K-04-12:606616887-606618551(-)	
		gmap_geno	chr4H:604188191-604202141(.)					chr4H@Du_Li_Huang:605385363-605387020(-)	chr4H@HOR_3081:604754157-604755825(-)	chr4H@Igri:602527414-602529082(-)		chr4H@HOR_7552:605108352-605110013(-);chr4H@HOR_7552:605096405-605098066(-)	chr4H@OUN333:601579483-601581140(-)	chr4H@HOR_13942:603317222-603318879(-)	chr4H@HOR_3365:604762035-604763699(-)	chr4H@HOR_9043:604163347-604165011(-)	chr4H@Akashinriki:604733941-604735598(-);chr4H@Akashinriki:604670043-604671700(-);chr4H@Akashinriki:604723167-604724824(-)				chr4H@Chiba:605574265-605575922(-)	chr4H@B1K-04-12:606616887-606618551(-)	
